{"number": 0, "value": 0.7884620168890082, "params": {"max_depth": 2, "min_samples_leaf": 31, "max_features": "sqrt"}, "user_attrs": {"std_err": 0.0032669438571563706}}
{"number": 1, "value": 0.7859123661339907, "params": {"max_depth": 2, "min_samples_leaf": 36, "max_features": "log2"}, "user_attrs": {"std_err": 0.003911304894258071}}
{"number": 2, "value": 0.8127965395977448, "params": {"max_depth": 17, "min_samples_leaf": 151, "max_features": null}, "user_attrs": {"std_err": 0.0017603233677624455}}
{"number": 3, "value": 0.7894327580089819, "params": {"max_depth": 2, "min_samples_leaf": 15, "max_features": "sqrt"}, "user_attrs": {"std_err": 0.0031542223799142224}}
{"number": 4, "value": 0.8130117730394761, "params": {"max_depth": 23, "min_samples_leaf": 120, "max_features": "log2"}, "user_attrs": {"std_err": 0.002872949659761686}}
{"number": 5, "value": 0.8162511512308288, "params": {"max_depth": 8, "min_samples_leaf": 39, "max_features": "sqrt"}, "user_attrs": {"std_err": 0.00325397249663002}}
{"number": 6, "value": 0.8092130942817454, "params": {"max_depth": 7, "min_samples_leaf": 88, "max_features": "log2"}, "user_attrs": {"std_err": 0.0029695181159125265}}
{"number": 7, "value": 0.7139145892426786, "params": {"max_depth": 2, "min_samples_leaf": 145, "max_features": null}, "user_attrs": {"std_err": 0.004086505008493125}}
{"number": 8, "value": 0.8209760844242069, "params": {"max_depth": 15, "min_samples_leaf": 66, "max_features": "sqrt"}, "user_attrs": {"std_err": 0.0029548127711841155}}
{"number": 9, "value": 0.8159715775431708, "params": {"max_depth": 10, "min_samples_leaf": 104, "max_features": "sqrt"}, "user_attrs": {"std_err": 0.003647209043451583}}
{"number": 10, "value": 0.7898511227985677, "params": {"max_depth": 2, "min_samples_leaf": 162, "max_features": "sqrt"}, "user_attrs": {"std_err": 0.0033594134667356387}}
{"number": 11, "value": 0.807935480826913, "params": {"max_depth": 6, "min_samples_leaf": 15, "max_features": null}, "user_attrs": {"std_err": 0.0024866821384321725}}
{"number": 12, "value": 0.8087462904784403, "params": {"max_depth": 8, "min_samples_leaf": 140, "max_features": "log2"}, "user_attrs": {"std_err": 0.0036605591138803703}}
{"number": 13, "value": 0.8165883247576978, "params": {"max_depth": 28, "min_samples_leaf": 91, "max_features": "sqrt"}, "user_attrs": {"std_err": 0.0029288737700227507}}
{"number": 14, "value": 0.7779117791058422, "params": {"max_depth": 4, "min_samples_leaf": 180, "max_features": null}, "user_attrs": {"std_err": 0.0034941848378588483}}
{"number": 15, "value": 0.8178924402662092, "params": {"max_depth": 11, "min_samples_leaf": 39, "max_features": "log2"}, "user_attrs": {"std_err": 0.0031656275388764667}}
{"number": 16, "value": 0.8307561694636292, "params": {"max_depth": 10, "min_samples_leaf": 28, "max_features": null}, "user_attrs": {"std_err": 0.001723313673531301}}
{"number": 17, "value": 0.8108672820045234, "params": {"max_depth": 8, "min_samples_leaf": 163, "max_features": "sqrt"}, "user_attrs": {"std_err": 0.0031578879887323697}}
{"number": 18, "value": 0.7851573486671459, "params": {"max_depth": 2, "min_samples_leaf": 137, "max_features": "log2"}, "user_attrs": {"std_err": 0.003575243128213496}}
{"number": 19, "value": 0.7956471678955653, "params": {"max_depth": 3, "min_samples_leaf": 160, "max_features": "sqrt"}, "user_attrs": {"std_err": 0.003166292411275404}}
{"number": 20, "value": 0.797663560564699, "params": {"max_depth": 4, "min_samples_leaf": 5, "max_features": "log2"}, "user_attrs": {"std_err": 0.003970254319268447}}
{"number": 21, "value": 0.813264599567756, "params": {"max_depth": 9, "min_samples_leaf": 139, "max_features": "sqrt"}, "user_attrs": {"std_err": 0.0033604186682365646}}
{"number": 22, "value": 0.8059242047392413, "params": {"max_depth": 6, "min_samples_leaf": 110, "max_features": "log2"}, "user_attrs": {"std_err": 0.0030820725727764616}}
{"number": 23, "value": 0.8193212532989695, "params": {"max_depth": 12, "min_samples_leaf": 78, "max_features": "sqrt"}, "user_attrs": {"std_err": 0.0030639475138334797}}
{"number": 24, "value": 0.789663279918674, "params": {"max_depth": 2, "min_samples_leaf": 44, "max_features": "sqrt"}, "user_attrs": {"std_err": 0.003142634892750286}}
{"number": 25, "value": 0.8106097065533298, "params": {"max_depth": 8, "min_samples_leaf": 185, "max_features": "sqrt"}, "user_attrs": {"std_err": 0.0034229948972576336}}
{"number": 26, "value": 0.7842288270037849, "params": {"max_depth": 2, "min_samples_leaf": 142, "max_features": "log2"}, "user_attrs": {"std_err": 0.0037340881480797954}}
{"number": 27, "value": 0.7884803079017788, "params": {"max_depth": 2, "min_samples_leaf": 10, "max_features": "sqrt"}, "user_attrs": {"std_err": 0.0036748676586989323}}
{"number": 28, "value": 0.7899848585954585, "params": {"max_depth": 2, "min_samples_leaf": 61, "max_features": "sqrt"}, "user_attrs": {"std_err": 0.003629397422449573}}
{"number": 29, "value": 0.8245560369839989, "params": {"max_depth": 19, "min_samples_leaf": 73, "max_features": null}, "user_attrs": {"std_err": 0.001587698570596054}}
{"number": 30, "value": 0.8235274202809034, "params": {"max_depth": 32, "min_samples_leaf": 80, "max_features": null}, "user_attrs": {"std_err": 0.0015903145215731488}}
{"number": 31, "value": 0.8230872104459145, "params": {"max_depth": 32, "min_samples_leaf": 72, "max_features": null}, "user_attrs": {"std_err": 0.0014549517290286865}}
{"number": 32, "value": 0.8230451441803635, "params": {"max_depth": 32, "min_samples_leaf": 74, "max_features": null}, "user_attrs": {"std_err": 0.0008981798287383354}}
{"number": 33, "value": 0.8246222461608788, "params": {"max_depth": 32, "min_samples_leaf": 69, "max_features": null}, "user_attrs": {"std_err": 0.0014139552619829724}}
{"number": 34, "value": 0.8233645169058592, "params": {"max_depth": 15, "min_samples_leaf": 69, "max_features": null}, "user_attrs": {"std_err": 0.0012090201792771525}}
{"number": 35, "value": 0.8248478353183831, "params": {"max_depth": 15, "min_samples_leaf": 62, "max_features": null}, "user_attrs": {"std_err": 0.0020022738580532506}}
{"number": 36, "value": 0.8259868108623494, "params": {"max_depth": 15, "min_samples_leaf": 64, "max_features": null}, "user_attrs": {"std_err": 0.0018578618433260747}}
{"number": 37, "value": 0.8263298975642008, "params": {"max_depth": 15, "min_samples_leaf": 66, "max_features": null}, "user_attrs": {"std_err": 0.0019044794254541584}}
{"number": 38, "value": 0.8246587056335706, "params": {"max_depth": 15, "min_samples_leaf": 69, "max_features": null}, "user_attrs": {"std_err": 0.0011411599650593771}}
{"number": 39, "value": 0.8236676207405992, "params": {"max_depth": 22, "min_samples_leaf": 73, "max_features": null}, "user_attrs": {"std_err": 0.0012865319887611}}
{"number": 40, "value": 0.8233851976991928, "params": {"max_depth": 22, "min_samples_leaf": 78, "max_features": null}, "user_attrs": {"std_err": 0.0016365344357120923}}
{"number": 41, "value": 0.8241759393216332, "params": {"max_depth": 25, "min_samples_leaf": 73, "max_features": null}, "user_attrs": {"std_err": 0.0009126840773591069}}
{"number": 42, "value": 0.8243791013077002, "params": {"max_depth": 23, "min_samples_leaf": 75, "max_features": null}, "user_attrs": {"std_err": 0.0014609668821386264}}
{"number": 43, "value": 0.8216729812022312, "params": {"max_depth": 24, "min_samples_leaf": 79, "max_features": null}, "user_attrs": {"std_err": 0.0012683384797131916}}
{"number": 44, "value": 0.8255398912588567, "params": {"max_depth": 15, "min_samples_leaf": 67, "max_features": null}, "user_attrs": {"std_err": 0.0018454158173298505}}
{"number": 45, "value": 0.8236303033979615, "params": {"max_depth": 15, "min_samples_leaf": 72, "max_features": null}, "user_attrs": {"std_err": 0.0012369003007875702}}
{"number": 46, "value": 0.8228861012200749, "params": {"max_depth": 13, "min_samples_leaf": 68, "max_features": null}, "user_attrs": {"std_err": 0.001089328694457514}}
{"number": 47, "value": 0.8238466398153372,