{"number": 0, "value": 0.8595399321259636, "params": {"learning_rate": 0.7613768425616776, "subsample": 0.8058859659176842, "min_child_weight": 4}, "user_attrs": {"std_err": 0.0024827652907393684}}
{"number": 1, "value": 0.8716308272347076, "params": {"learning_rate": 0.3525467558746931, "subsample": 0.48452555078483284, "min_child_weight": 3}, "user_attrs": {"std_err": 0.0019948602501049777}}
{"number": 2, "value": 0.8201210159066147, "params": {"learning_rate": 0.9971878192794013, "subsample": 0.34314195513170775, "min_child_weight": 5}, "user_attrs": {"std_err": 0.003266048317029629}}
{"number": 3, "value": 0.8756220067921179, "params": {"learning_rate": 0.427310360441669, "subsample": 0.8868384235539661, "min_child_weight": 1}, "user_attrs": {"std_err": 0.0028768688978174314}}
{"number": 4, "value": 0.866674307750239, "params": {"learning_rate": 0.47459236031811447, "subsample": 0.5795282453714964, "min_child_weight": 8}, "user_attrs": {"std_err": 0.0027145770416947637}}
{"number": 5, "value": 0.8542159924147021, "params": {"learning_rate": 0.7006785477810715, "subsample": 0.5868630252805004, "min_child_weight": 9}, "user_attrs": {"std_err": 0.001693288141181015}}
{"number": 6, "value": 0.8231013920718553, "params": {"learning_rate": 0.7306750147973465, "subsample": 0.21418621148867945, "min_child_weight": 2}, "user_attrs": {"std_err": 0.0016021141930940357}}
{"number": 7, "value": 0.8438318482327588, "params": {"learning_rate": 0.8458596386177853, "subsample": 0.5332887153063589, "min_child_weight": 4}, "user_attrs": {"std_err": 0.0026345945188670445}}
{"number": 8, "value": 0.8638042755103665, "params": {"learning_rate": 0.34825756246098255, "subsample": 0.27588861115080776, "min_child_weight": 6}, "user_attrs": {"std_err": 0.0024643316454650973}}
{"number": 9, "value": 0.8654900478323976, "params": {"learning_rate": 0.2775467581418893, "subsample": 0.21471575593032696, "min_child_weight": 7}, "user_attrs": {"std_err": 0.0018578466092919268}}
{"number": 10, "value": 0.879562183589899, "params": {"learning_rate": 0.3196964643752416, "subsample": 0.9130900252324865, "min_child_weight": 7}, "user_attrs": {"std_err": 0.0024174233802972903}}
{"number": 11, "value": 0.8418857879970559, "params": {"learning_rate": 0.6321018188169392, "subsample": 0.27201769304120255, "min_child_weight": 10}, "user_attrs": {"std_err": 0.0018029114498363703}}
{"number": 12, "value": 0.8770419224416266, "params": {"learning_rate": 0.20208715432225308, "subsample": 0.2829530265552627, "min_child_weight": 8}, "user_attrs": {"std_err": 0.0024310041993108426}}
{"number": 13, "value": 0.8698548351264342, "params": {"learning_rate": 0.4278633576208317, "subsample": 0.6360921487252361, "min_child_weight": 9}, "user_attrs": {"std_err": 0.002320897739718344}}
{"number": 14, "value": 0.8558650816427191, "params": {"learning_rate": 0.8285745967904534, "subsample": 0.6070898278414065, "min_child_weight": 1}, "user_attrs": {"std_err": 0.002341194550801735}}
{"number": 15, "value": 0.8736083848418973, "params": {"learning_rate": 0.1614044046950965, "subsample": 0.15582243967361853, "min_child_weight": 2}, "user_attrs": {"std_err": 0.0021115721671648487}}
{"number": 16, "value": 0.8123406937200311, "params": {"learning_rate": 0.7739395699845493, "subsample": 0.17779693110538697, "min_child_weight": 6}, "user_attrs": {"std_err": 0.003864170129764134}}
{"number": 17, "value": 0.8849933145429464, "params": {"learning_rate": 0.1765105217013244, "subsample": 0.9747785838111621, "min_child_weight": 6}, "user_attrs": {"std_err": 0.0025674045721321382}}
{"number": 18, "value": 0.8594828597138306, "params": {"learning_rate": 0.8368945145055838, "subsample": 0.7950684191102696, "min_child_weight": 7}, "user_attrs": {"std_err": 0.003288516187552167}}
{"number": 19, "value": 0.8426868937345275, "params": {"learning_rate": 0.8856231053798108, "subsample": 0.5251659463523666, "min_child_weight": 6}, "user_attrs": {"std_err": 0.0033587648046588797}}
{"number": 20, "value": 0.826747308580544, "params": {"learning_rate": 0.5483160626609532, "subsample": 0.14373900380164048, "min_child_weight": 4}, "user_attrs": {"std_err": 0.003259455168622121}}
{"number": 21, "value": 0.8631840513103672, "params": {"learning_rate": 0.7759840725947317, "subsample": 0.8083264593585651, "min_child_weight": 4}, "user_attrs": {"std_err": 0.003124801650408378}}
{"number": 22, "value": 0.8784204996325797, "params": {"learning_rate": 0.2562008977871614, "subsample": 0.43610885807185207, "min_child_weight": 7}, "user_attrs": {"std_err": 0.0021394446945444097}}
{"number": 23, "value": 0.864378859459259, "params": {"learning_rate": 0.20013140162383944, "subsample": 0.10772732535923152, "min_child_weight": 8}, "user_attrs": {"std_err": 0.0020135762496560645}}
{"number": 24, "value": 0.8853632981666703, "params": {"learning_rate": 0.13615578308871532, "subsample": 0.45837021003961065, "min_child_weight": 4}, "user_attrs": {"std_err": 0.002726229227943775}}
{"number": 25, "value": 0.8376054749444156, "params": {"learning_rate": 0.5904862983886687, "subsample": 0.22076075577596338, "min_child_weight": 2}, "user_attrs": {"std_err": 0.0006191842724801007}}
{"number": 26, "value": 0.8865190366106118, "params": {"learning_rate": 0.14759431515301957, "subsample": 0.9172336609094991, "min_child_weight": 2}, "user_attrs": {"std_err": 0.0024383564071556742}}
{"number": 27, "value": 0.8514222138674471, "params": {"learning_rate": 0.8514875521985734, "subsample": 0.5610644338204449, "min_child_weight": 9}, "user_attrs": {"std_err": 0.002374557945801055}}
{"number": 28, "value": 0.8414607355358118, "params": {"learning_rate": 0.5512173354095891, "subsample": 0.27948936677984904, "min_child_weight": 2}, "user_attrs": {"std_err": 0.004012612701084979}}
{"number": 29, "value": 0.8881027739490515, "params": {"learning_rate": 0.014217163741976319, "subsample": 0.976874082099755, "min_child_weight": 10}, "user_attrs": {"std_err": 0.0017998421843252888}}
{"number": 30, "value": 0.8901788013555951, "params": {"learning_rate": 0.04091531012339106, "subsample": 0.38163062491456196, "min_child_weight": 9}, "user_attrs": {"std_err": 0.0018047257088583371}}
{"number": 31, "value": 0.8913657719920305, "params": {"learning_rate": 0.039896414945196135, "subsample": 0.968792614658374, "min_child_weight": 9}, "user_attrs": {"std_err": 0.002136200283189346}}
{"number": 32, "value": 0.8923989093482667, "params": {"learning_rate": 0.050754735915757576, "subsample": 0.9930376864894396, "min_child_weight": 9}, "user_attrs": {"std_err": 0.0015075483582155681}}
{"number": 33, "value": 0.8855449457767888, "params": {"learning_rate": 0.01124016915235132, "subsample": 0.9857528789690075, "min_child_weight": 10}, "user_attrs": {"std_err": 0.001726275717198591}}
{"number": 34, "value": 0.8873819290534228, "params": {"learning_rate": 0.014686376106824994, "subsample": 0.9685436869805459, "min_child_weight": 10}, "user_attrs": {"std_err": 0.0016997072602401191}}
{"number": 35, "value": 0.8707750062317062, "params": {"learning_rate": 0.5927836879343644, "subsample": 0.9852767732858951, "min_child_weight": 10}, "user_attrs": {"std_err": 0.001724353733471564}}
{"number": 36, "value": 0.8700581979496361, "params": {"learning_rate": 0.5536485889836263, "subsample": 0.984239004343264, "min_child_weight": 4}, "user_attrs": {"std_err": 0.002678675327865653}}
{"number": 37, "value": 0.8907525897675086, "params": {"learning_rate": 0.05785429980866502, "subsample": 0.9883818697449114, "min_child_weight": 4}, "user_attrs": {"std_err": 0.0023146213827461124}}
{"number": 38, "value": 0.8909894535368099, "params": {"learning_rate": 0.04411735205636377, "subsample": 0.9809275856514625, "min_child_weight": 4}, "user_attrs": {"std_err": 0.002110370861349287}}
{"number": 39, "value": 0.890337348929001, "params": {"learning_rate": 0.0237380753023054, "subsample": 0.9940716771061574, "min_child_weight": 5}, "user_attrs": {"std_err": 0.001831938814708163}}
{"number": 40,