{"number": 49, "value": 0.8927049848347082, "params": {"learning_rate": 0.038536760258401866, "subsample": 0.673950450358476, "min_child_weight": 3}, "user_attrs": {"std_err": 0.001979903757244093}}