{"number": 16, "value": 0.8307561694636292, "params": {"max_depth": 10, "min_samples_leaf": 28, "max_features": null}, "user_attrs": {"std_err": 0.001723313673531301}}