{"number": 42, "value": 0.9084123612426767, "params": {"max_depth": 23, "min_samples_leaf": 1, "min_samples_split": 4}, "user_attrs": {"std_err": 0.0007633533557669895}}