{"number": 19, "value": 0.887577542757166, "params": {"max_depth": 17, "max_features": null, "min_samples_leaf": 16}, "user_attrs": {"std_err": 0.0023172838980439316}}