{"number": 31, "value": 0.8225990398683726, "params": {"max_depth": 20, "min_samples_leaf": 26, "max_features": null}, "user_attrs": {"std_err": 0.002499306718359473}}