{"number": 0, "value": 0.7901687744523571, "params": {"learning_rate": 0.5890717690984136, "subsample": 0.45705700473141453, "max_depth": 10}, "user_attrs": {"std_err": 0.003138590834411089}}
{"number": 1, "value": 0.8258063732776109, "params": {"learning_rate": 0.10310627627784592, "subsample": 0.18789676939119834, "max_depth": 5}, "user_attrs": {"std_err": 0.0024443443171440426}}
{"number": 2, "value": 0.7376002631186267, "params": {"learning_rate": 0.48239049186744687, "subsample": 0.10627907890583514, "max_depth": 5}, "user_attrs": {"std_err": 0.0019078340301929126}}
{"number": 3, "value": 0.789985047270075, "params": {"learning_rate": 0.31775169971778155, "subsample": 0.3078701798879751, "max_depth": 8}, "user_attrs": {"std_err": 0.001359141792958462}}
{"number": 4, "value": 0.8174125546481859, "params": {"learning_rate": 0.4862677996482327, "subsample": 0.7487567018141629, "max_depth": 4}, "user_attrs": {"std_err": 0.002578175660427645}}
{"number": 5, "value": 0.8241021199347613, "params": {"learning_rate": 0.16643583131416798, "subsample": 0.8863492046786843, "max_depth": 2}, "user_attrs": {"std_err": 0.002222019131139302}}
{"number": 6, "value": 0.78731567770141, "params": {"learning_rate": 0.6438695649516151, "subsample": 0.6103483704006974, "max_depth": 7}, "user_attrs": {"std_err": 0.0019500202235962617}}
{"number": 7, "value": 0.7913546615207434, "params": {"learning_rate": 0.6644348957560196, "subsample": 0.29889490171219735, "max_depth": 3}, "user_attrs": {"std_err": 0.0022103304839963165}}
{"number": 8, "value": 0.7914889261503, "params": {"learning_rate": 0.8880855494909712, "subsample": 0.740986445693856, "max_depth": 4}, "user_attrs": {"std_err": 0.0016862874816308633}}
{"number": 9, "value": 0.7693289569696028, "params": {"learning_rate": 0.9589356535645016, "subsample": 0.5727995502683266, "max_depth": 5}, "user_attrs": {"std_err": 0.001630260733224848}}
{"number": 10, "value": 0.8355668345702345, "params": {"learning_rate": 0.0909937318286545, "subsample": 0.8712728224036608, "max_depth": 7}, "user_attrs": {"std_err": 0.002081994277541324}}
{"number": 11, "value": 0.828990317417731, "params": {"learning_rate": 0.08072620998363614, "subsample": 0.32657331547196755, "max_depth": 8}, "user_attrs": {"std_err": 0.0017806521268603187}}
{"number": 12, "value": 0.7884822334749648, "params": {"learning_rate": 0.8686524280365474, "subsample": 0.4504561461054981, "max_depth": 3}, "user_attrs": {"std_err": 0.0022993593834060226}}
{"number": 13, "value": 0.7572076599643346, "params": {"learning_rate": 0.6161441347649281, "subsample": 0.2964196619954955, "max_depth": 6}, "user_attrs": {"std_err": 0.0043845609889190595}}
{"number": 14, "value": 0.7975566947469257, "params": {"learning_rate": 0.5961601602505749, "subsample": 0.14378313445986232, "max_depth": 2}, "user_attrs": {"std_err": 0.0032236667288154854}}
{"number": 15, "value": 0.8203643421858594, "params": {"learning_rate": 0.33798348996669925, "subsample": 0.8441230776522315, "max_depth": 9}, "user_attrs": {"std_err": 0.0017739362840645443}}
{"number": 16, "value": 0.7371052754624307, "params": {"learning_rate": 0.9941592134958807, "subsample": 0.15938585297621521, "max_depth": 3}, "user_attrs": {"std_err": 0.0027618416110659436}}
{"number": 17, "value": 0.7327994452184654, "params": {"learning_rate": 0.841989453597472, "subsample": 0.31648054148146343, "max_depth": 10}, "user_attrs": {"std_err": 0.0024728114918628704}}
{"number": 18, "value": 0.7690086965264699, "params": {"learning_rate": 0.5637969687300843, "subsample": 0.2944849403738008, "max_depth": 5}, "user_attrs": {"std_err": 0.002929780194793472}}
{"number": 19, "value": 0.8041896401088049, "params": {"learning_rate": 0.47593015437670133, "subsample": 0.6070098120455149, "max_depth": 5}, "user_attrs": {"std_err": 0.002068376364599262}}
{"number": 20, "value": 0.8369882652117319, "params": {"learning_rate": 0.04926345477413559, "subsample": 0.5483375426021752, "max_depth": 8}, "user_attrs": {"std_err": 0.0016904385239199598}}
{"number": 21, "value": 0.811792739549092, "params": {"learning_rate": 0.36366668744569997, "subsample": 0.5487401371757619, "max_depth": 5}, "user_attrs": {"std_err": 0.0011004334380770755}}
{"number": 22, "value": 0.7548674656012124, "params": {"learning_rate": 0.8405257831458396, "subsample": 0.4541250458083005, "max_depth": 6}, "user_attrs": {"std_err": 0.0022955260288147032}}
{"number": 23, "value": 0.7885312273902401, "params": {"learning_rate": 0.3911794081471514, "subsample": 0.36755635567461564, "max_depth": 8}, "user_attrs": {"std_err": 0.0012577430741856218}}
{"number": 24, "value": 0.8312011678445266, "params": {"learning_rate": 0.1102981517087084, "subsample": 0.4425875905859422, "max_depth": 5}, "user_attrs": {"std_err": 0.001935558275884537}}
{"number": 25, "value": 0.7946173261016894, "params": {"learning_rate": 0.8015006385967715, "subsample": 0.8722137679031976, "max_depth": 6}, "user_attrs": {"std_err": 0.001948414069776755}}
{"number": 26, "value": 0.8247094740705562, "params": {"learning_rate": 0.11256987584609714, "subsample": 0.3860282492575936, "max_depth": 9}, "user_attrs": {"std_err": 0.0018419658656522796}}
{"number": 27, "value": 0.8130673375566799, "params": {"learning_rate": 0.45334837102720865, "subsample": 0.8825265472406517, "max_depth": 7}, "user_attrs": {"std_err": 0.0011508712162414218}}
{"number": 28, "value": 0.8208600008456777, "params": {"learning_rate": 0.33013346399883303, "subsample": 0.7484020338109983, "max_depth": 5}, "user_attrs": {"std_err": 0.0018663224027118518}}
{"number": 29, "value": 0.8360708008939473, "params": {"learning_rate": 0.046102549372032176, "subsample": 0.9803959956930056, "max_depth": 9}, "user_attrs": {"std_err": 0.0021659500728999147}}
{"number": 30, "value": 0.8357400174098812, "params": {"learning_rate": 0.051756272265348985, "subsample": 0.9841396709716331, "max_depth": 8}, "user_attrs": {"std_err": 0.0024198494979625115}}
{"number": 31, "value": 0.8333003973513037, "params": {"learning_rate": 0.016962968570223697, "subsample": 0.8901286993185699, "max_depth": 8}, "user_attrs": {"std_err": 0.002496684668730211}}
{"number": 32, "value": 0.8348469115886694, "params": {"learning_rate": 0.04594860792919614, "subsample": 0.9888575088138096, "max_depth": 10}, "user_attrs": {"std_err": 0.001931446064709684}}
{"number": 33, "value": 0.8336045750092052, "params": {"learning_rate": 0.039481494080914226, "subsample": 0.998321293822872, "max_depth": 10}, "user_attrs": {"std_err": 0.002226773816667758}}
{"number": 34, "value": 0.8376226086043328, "params": {"learning_rate": 0.038007038659615924, "subsample": 0.9213793709972902, "max_depth": 9}, "user_attrs": {"std_err": 0.002411200120893603}}
{"number": 35, "value": 0.8363537833580665, "params": {"learning_rate": 0.03177827796485357, "subsample": 0.9612641249410105, "max_depth": 9}, "user_attrs": {"std_err": 0.002234711150961115}}
{"number": 36, "value": 0.8348494571420932, "params": {"learning_rate": 0.05995201374155581, "subsample": 0.9804262217328775, "max_depth": 10}, "user_attrs": {"std_err": 0.001970946745813571}}
{"number": 37, "value": 0.8357028246376765, "params": {"learning_rate": 0.026827081350501727, "subsample": 0.9636769795445193, "max_depth": 10}, "user_attrs": {"std_err": 0.002308596962269119}}
{"number": 38, "value": 0.8309332243822267, "params": {"learning_rate": 0.012596378081793924, "subsample": 0.9778038547221322, "max_depth": 10}, "user_attrs": {"std_err": 0.0023655709924977042}}
{"number": 39, "value": 0.8270659535850818, "params": {"learning_rate": 0.2239518271232001, "subsample": 0.9664120742668867, "max_depth": 10}, "user_attrs": {"std_err": 0.001587468890136558}}
{"number": 40, "value": 0.815014195986951, "params": {"learning_rate": 0.20372876190528094, "subsample": 0.4473111349663343, "max_depth": 7}, "user_attrs": {"std_err": 0.0020126672430086415}}
{"number": 41, "value": 0.8346063408138168, "params": {"learning_rate": 0.029425610432206414,