{"number": 34, "value": 0.8376226086043328, "params": {"learning_rate": 0.038007038659615924, "subsample": 0.9213793709972902, "max_depth": 9}, "user_attrs": {"std_err": 0.002411200120893603}}