{
    "learning_rate":0.0268270814,
    "subsample":0.9636769795,
    "max_depth":10.0,
    "achieved_value":0.8357028246
}