{"number": 56, "value": 0.8607475031210985, "params": {"learning_rate": 0.03242165375392325, "subsample": 0.8679298609421597, "colsample_bytree": 0.5629692721082212}, "user_attrs": {"std_err": 0.0012144885169245343}}