{"number": 33, "value": 0.6912071020854663, "params": {"min_impurity_decrease": 0.004435928812152903, "min_weight_fraction_leaf": 0.003899145479719257, "splitter": "best"}, "user_attrs": {"std_err": 0.0031565277678535886}}