{"number": 0, "value": 0.6902847845597468, "params": {"min_impurity_decrease": 0.006687812901559043, "min_weight_fraction_leaf": 0.3654163145677187, "min_samples_split": 15}, "user_attrs": {"std_err": 0.0022712688400680935}}
{"number": 1, "value": 0.5, "params": {"min_impurity_decrease": 0.11320885968451706, "min_weight_fraction_leaf": 0.36017600251797455, "min_samples_split": 20}, "user_attrs": {"std_err": 0.0}}
{"number": 2, "value": 0.6902847845597468, "params": {"min_impurity_decrease": 0.07110404026272925, "min_weight_fraction_leaf": 0.2033618366367274, "min_samples_split": 20}, "user_attrs": {"std_err": 0.0022712688400680935}}
{"number": 3, "value": 0.731222822836272, "params": {"min_impurity_decrease": 0.008166766728667719, "min_weight_fraction_leaf": 0.20592081373302829, "min_samples_split": 12}, "user_attrs": {"std_err": 0.0025200756139076626}}
{"number": 4, "value": 0.5, "params": {"min_impurity_decrease": 0.026165895390780916, "min_weight_fraction_leaf": 0.4656651818701777, "min_samples_split": 14}, "user_attrs": {"std_err": 0.0}}
{"number": 5, "value": 0.5, "params": {"min_impurity_decrease": 0.13103042535052228, "min_weight_fraction_leaf": 0.43675087719691114, "min_samples_split": 10}, "user_attrs": {"std_err": 0.0}}
{"number": 6, "value": 0.5, "params": {"min_impurity_decrease": 0.16747336023424134, "min_weight_fraction_leaf": 0.2429163211903838, "min_samples_split": 2}, "user_attrs": {"std_err": 0.0}}
{"number": 7, "value": 0.5, "params": {"min_impurity_decrease": 0.1468227059410474, "min_weight_fraction_leaf": 0.4901907056720921, "min_samples_split": 13}, "user_attrs": {"std_err": 0.0}}
{"number": 8, "value": 0.5, "params": {"min_impurity_decrease": 0.16972387165212663, "min_weight_fraction_leaf": 0.32771128125409654, "min_samples_split": 4}, "user_attrs": {"std_err": 0.0}}
{"number": 9, "value": 0.6902847845597468, "params": {"min_impurity_decrease": 0.04951251634677678, "min_weight_fraction_leaf": 0.29013751839975793, "min_samples_split": 13}, "user_attrs": {"std_err": 0.0022712688400680935}}
{"number": 10, "value": 0.6902847845597468, "params": {"min_impurity_decrease": 0.03302652306454521, "min_weight_fraction_leaf": 0.3692775820081108, "min_samples_split": 5}, "user_attrs": {"std_err": 0.0022712688400680935}}
{"number": 11, "value": 0.6902847845597468, "params": {"min_impurity_decrease": 0.06592163733584404, "min_weight_fraction_leaf": 0.2334465751510023, "min_samples_split": 17}, "user_attrs": {"std_err": 0.0022712688400680935}}
{"number": 12, "value": 0.6902847845597468, "params": {"min_impurity_decrease": 0.06248357043193786, "min_weight_fraction_leaf": 0.05581334952693717, "min_samples_split": 4}, "user_attrs": {"std_err": 0.0022712688400680935}}
{"number": 13, "value": 0.5, "params": {"min_impurity_decrease": 0.10795199285693857, "min_weight_fraction_leaf": 0.19660042119363408, "min_samples_split": 9}, "user_attrs": {"std_err": 0.0}}
{"number": 14, "value": 0.5, "params": {"min_impurity_decrease": 0.10011566732189599, "min_weight_fraction_leaf": 0.41455002949341807, "min_samples_split": 4}, "user_attrs": {"std_err": 0.0}}
{"number": 15, "value": 0.5363812908559801, "params": {"min_impurity_decrease": 0.07352599983909394, "min_weight_fraction_leaf": 0.19616771125936316, "min_samples_split": 5}, "user_attrs": {"std_err": 0.03254041578526522}}
{"number": 16, "value": 0.5363812908559801, "params": {"min_impurity_decrease": 0.07468145495638515, "min_weight_fraction_leaf": 0.10882417341569733, "min_samples_split": 17}, "user_attrs": {"std_err": 0.03254041578526522}}
{"number": 17, "value": 0.6902847845597468, "params": {"min_impurity_decrease": 0.03667191472692995, "min_weight_fraction_leaf": 0.0330390289539953, "min_samples_split": 8}, "user_attrs": {"std_err": 0.0022712688400680935}}
{"number": 18, "value": 0.5, "params": {"min_impurity_decrease": 0.18370703360000123, "min_weight_fraction_leaf": 0.40860338209117103, "min_samples_split": 12}, "user_attrs": {"std_err": 0.0}}
{"number": 19, "value": 0.6902847845597468, "params": {"min_impurity_decrease": 0.024951174862387827, "min_weight_fraction_leaf": 0.30642180905029404, "min_samples_split": 9}, "user_attrs": {"std_err": 0.0022712688400680935}}
{"number": 20, "value": 0.5, "params": {"min_impurity_decrease": 0.19508707717835028, "min_weight_fraction_leaf": 0.32060121092122756, "min_samples_split": 20}, "user_attrs": {"std_err": 0.0}}
{"number": 21, "value": 0.5, "params": {"min_impurity_decrease": 0.12858524919068548, "min_weight_fraction_leaf": 0.4946654706083456, "min_samples_split": 11}, "user_attrs": {"std_err": 0.0}}
{"number": 22, "value": 0.5, "params": {"min_impurity_decrease": 0.14855688349133447, "min_weight_fraction_leaf": 0.3974386163706228, "min_samples_split": 15}, "user_attrs": {"std_err": 0.0}}
{"number": 23, "value": 0.6941454371239983, "params": {"min_impurity_decrease": 0.0005358459249078327, "min_weight_fraction_leaf": 0.3056616431734496, "min_samples_split": 20}, "user_attrs": {"std_err": 0.0046067362812116765}}
{"number": 24, "value": 0.8385954175891459, "params": {"min_impurity_decrease": 0.0032478942114779297, "min_weight_fraction_leaf": 0.001612518833415344, "min_samples_split": 19}, "user_attrs": {"std_err": 0.005003589704926808}}
{"number": 25, "value": 0.8401586477521367, "params": {"min_impurity_decrease": 0.0014331601716500338, "min_weight_fraction_leaf": 0.02832443881789143, "min_samples_split": 20}, "user_attrs": {"std_err": 0.0024361619896475606}}
{"number": 26, "value": 0.776648278958872, "params": {"min_impurity_decrease": 0.004361907000803036, "min_weight_fraction_leaf": 0.07534973335157111, "min_samples_split": 20}, "user_attrs": {"std_err": 0.003342871456829105}}
{"number": 27, "value": 0.7335533042186443, "params": {"min_impurity_decrease": 0.012854269518822833, "min_weight_fraction_leaf": 0.12637300589863035, "min_samples_split": 20}, "user_attrs": {"std_err": 0.003527326946600532}}
{"number": 28, "value": 0.5, "params": {"min_impurity_decrease": 0.08643968639611793, "min_weight_fraction_leaf": 0.13433689675309865, "min_samples_split": 20}, "user_attrs": {"std_err": 0.0}}
{"number": 29, "value": 0.7470528301375337, "params": {"min_impurity_decrease": 0.005193911661330637, "min_weight_fraction_leaf": 0.1424422926948844, "min_samples_split": 19}, "user_attrs": {"std_err": 0.0025611690904110604}}
{"number": 30, "value": 0.731283489896975, "params": {"min_impurity_decrease": 0.009154682822470013, "min_weight_fraction_leaf": 0.1611922686371855, "min_samples_split": 16}, "user_attrs": {"std_err": 0.002542458053915858}}
{"number": 31, "value": 0.7483131374976649, "params": {"min_impurity_decrease": 0.006194092552456995, "min_weight_fraction_leaf": 0.13105878817367356, "min_samples_split": 16}, "user_attrs": {"std_err": 0.003576709551067645}}
{"number": 32, "value": 0.7652756358844929, "params": {"min_impurity_decrease": 0.0007717273759241397, "min_weight_fraction_leaf": 0.12771080201339682, "min_samples_split": 16}, "user_attrs": {"std_err": 0.0030782652963489824}}
{"number": 33, "value": 0.7524057332876832, "params": {"min_impurity_decrease": 0.0033175837595932466, "min_weight_fraction_leaf": 0.14218492801076174, "min_samples_split": 16}, "user_attrs": {"std_err": 0.00320236824911953}}
{"number": 34, "value": 0.751967068304805, "params": {"min_impurity_decrease": 0.005888388548857199, "min_weight_fraction_leaf": 0.11786195931333748, "min_samples_split": 16}, "user_attrs": {"std_err": 0.004536086568899965}}
{"number": 35, "value": 0.7665012931895552, "params": {"min_impurity_decrease": 0.00029588712584632543, "min_weight_fraction_leaf": 0.1342676216621297, "min_samples_split": 16}, "user_attrs": {"std_err": 0.003754128266081234}}
{"number": 36, "value": 0.7491139191274786, "params": {"min_impurity_decrease": 0.004716453895684627, "min_weight_fraction_leaf": 0.13521214792634148, "min_samples_split": 16}, "user_attrs": {"std_err": 0.0034709439959348673}}
{"number": 37, "value": 0.7663269232695745,