{"number": 39, "value": 0.9169911849579236, "params": {"learning_rate": 0.03345537726284717, "subsample": 0.7435186510969375, "max_depth": 9}, "user_attrs": {"std_err": 0.0006634559049283296}}