{"number": 0, "value": 0.7203440949188674, "params": {"learning_rate": 0.8774949024024684, "subsample": 0.6626269433280436, "min_child_weight": 5}, "user_attrs": {"std_err": 0.002799043047268241}}
{"number": 1, "value": 0.7408886021626018, "params": {"learning_rate": 0.5014512892498215, "subsample": 0.7194559186165405, "min_child_weight": 8}, "user_attrs": {"std_err": 0.0028040452691609186}}
{"number": 2, "value": 0.7638255052382088, "params": {"learning_rate": 0.08542129195746348, "subsample": 0.11179626046382785, "min_child_weight": 8}, "user_attrs": {"std_err": 0.004066420629759662}}
{"number": 3, "value": 0.7802504102211688, "params": {"learning_rate": 0.021248774360470523, "subsample": 0.24321203240330153, "min_child_weight": 4}, "user_attrs": {"std_err": 0.004532834326044344}}
{"number": 4, "value": 0.7694409772379843, "params": {"learning_rate": 0.22217626850565828, "subsample": 0.963371515272293, "min_child_weight": 2}, "user_attrs": {"std_err": 0.004073139294022398}}
{"number": 5, "value": 0.7432399758775927, "params": {"learning_rate": 0.4119001245103895, "subsample": 0.6662631851941531, "min_child_weight": 10}, "user_attrs": {"std_err": 0.00280782721050541}}
{"number": 6, "value": 0.7815602429070305, "params": {"learning_rate": 0.025489388992074716, "subsample": 0.7439906573905734, "min_child_weight": 4}, "user_attrs": {"std_err": 0.003931639373285979}}
{"number": 7, "value": 0.6916901813387936, "params": {"learning_rate": 0.4285223167072176, "subsample": 0.12602408950315722, "min_child_weight": 8}, "user_attrs": {"std_err": 0.002337376736003437}}
{"number": 8, "value": 0.753760010097752, "params": {"learning_rate": 0.34498718510757015, "subsample": 0.9109920056028231, "min_child_weight": 1}, "user_attrs": {"std_err": 0.0016306453681147277}}
{"number": 9, "value": 0.7389076897185252, "params": {"learning_rate": 0.6490179673265389, "subsample": 0.7651428110461396, "min_child_weight": 2}, "user_attrs": {"std_err": 0.004083464828104562}}
{"number": 10, "value": 0.7796104651978177, "params": {"learning_rate": 0.023943215537317868, "subsample": 0.20194336934454915, "min_child_weight": 6}, "user_attrs": {"std_err": 0.004065853217223506}}
{"number": 11, "value": 0.7005800597450318, "params": {"learning_rate": 0.6824549450031093, "subsample": 0.3282712209481532, "min_child_weight": 2}, "user_attrs": {"std_err": 0.002816795086302505}}
{"number": 12, "value": 0.7684487328723896, "params": {"learning_rate": 0.1545523984760839, "subsample": 0.6062595809015888, "min_child_weight": 4}, "user_attrs": {"std_err": 0.0026833113033762402}}
{"number": 13, "value": 0.7220965457273888, "params": {"learning_rate": 0.8189608377514277, "subsample": 0.6018711629785256, "min_child_weight": 2}, "user_attrs": {"std_err": 0.0036253432506014303}}
{"number": 14, "value": 0.6774982819797204, "params": {"learning_rate": 0.8261764160314249, "subsample": 0.2829649723500013, "min_child_weight": 8}, "user_attrs": {"std_err": 0.005856290748655343}}
{"number": 15, "value": 0.6967997840203075, "params": {"learning_rate": 0.6981324195913778, "subsample": 0.4062406831970523, "min_child_weight": 8}, "user_attrs": {"std_err": 0.0016902286730154266}}
{"number": 16, "value": 0.7122867901771314, "params": {"learning_rate": 0.5438575727623489, "subsample": 0.4272169857977981, "min_child_weight": 5}, "user_attrs": {"std_err": 0.0024771659677593}}
{"number": 17, "value": 0.7230223132266524, "params": {"learning_rate": 0.28291425933367836, "subsample": 0.193236779177768, "min_child_weight": 4}, "user_attrs": {"std_err": 0.004142692296059664}}
{"number": 18, "value": 0.6883098186612064, "params": {"learning_rate": 0.4898245294184897, "subsample": 0.22511394188660483, "min_child_weight": 3}, "user_attrs": {"std_err": 0.003602720843163004}}
{"number": 19, "value": 0.7366429883735608, "params": {"learning_rate": 0.3297830976819371, "subsample": 0.3756198748719013, "min_child_weight": 5}, "user_attrs": {"std_err": 0.003755022620967446}}
{"number": 20, "value": 0.7367277674151158, "params": {"learning_rate": 0.695453457866369, "subsample": 0.8522824802663757, "min_child_weight": 8}, "user_attrs": {"std_err": 0.0030729642284994126}}
{"number": 21, "value": 0.683751455057992, "params": {"learning_rate": 0.7795929223751128, "subsample": 0.3002403516299861, "min_child_weight": 7}, "user_attrs": {"std_err": 0.001430335003337343}}
{"number": 22, "value": 0.6866370278950396, "params": {"learning_rate": 0.8993840401218373, "subsample": 0.4439524681538919, "min_child_weight": 4}, "user_attrs": {"std_err": 0.0034133052929469234}}
{"number": 23, "value": 0.7081119307743012, "params": {"learning_rate": 0.42851156941915625, "subsample": 0.19160217499607274, "min_child_weight": 7}, "user_attrs": {"std_err": 0.0024353721901668353}}
{"number": 24, "value": 0.7442798339480807, "params": {"learning_rate": 0.5725354370358376, "subsample": 0.9681747261224278, "min_child_weight": 7}, "user_attrs": {"std_err": 0.001365388043864362}}
{"number": 25, "value": 0.6964772870706704, "params": {"learning_rate": 0.8828004520202034, "subsample": 0.42697910457533106, "min_child_weight": 8}, "user_attrs": {"std_err": 0.004798642065617968}}
{"number": 26, "value": 0.7140726897886485, "params": {"learning_rate": 0.9997489808933469, "subsample": 0.597065076508596, "min_child_weight": 2}, "user_attrs": {"std_err": 0.0023247967551605114}}
{"number": 27, "value": 0.7809946285570032, "params": {"learning_rate": 0.03450497047524004, "subsample": 0.9097460392466789, "min_child_weight": 7}, "user_attrs": {"std_err": 0.0037387156232449184}}
{"number": 28, "value": 0.7804650575712102, "params": {"learning_rate": 0.0677703087411554, "subsample": 0.5983923917507082, "min_child_weight": 1}, "user_attrs": {"std_err": 0.0027470686174444732}}
{"number": 29, "value": 0.7635266398328261, "params": {"learning_rate": 0.2249442971664321, "subsample": 0.8196019063622186, "min_child_weight": 1}, "user_attrs": {"std_err": 0.0028478548049095066}}
{"number": 30, "value": 0.7808836935332314, "params": {"learning_rate": 0.03779946096114039, "subsample": 0.9472735018600678, "min_child_weight": 2}, "user_attrs": {"std_err": 0.0037670400527975594}}
{"number": 31, "value": 0.7810968682944617, "params": {"learning_rate": 0.020362621288040447, "subsample": 0.5078565827753562, "min_child_weight": 1}, "user_attrs": {"std_err": 0.004358695231647512}}
{"number": 32, "value": 0.7761788424049478, "params": {"learning_rate": 0.015505556528002132, "subsample": 0.9660285283658678, "min_child_weight": 2}, "user_attrs": {"std_err": 0.004032586949055592}}
{"number": 33, "value": 0.7792325708595711, "params": {"learning_rate": 0.018132070341618376, "subsample": 0.8120313700567399, "min_child_weight": 1}, "user_attrs": {"std_err": 0.004160657603024503}}
{"number": 34, "value": 0.7786867312735788, "params": {"learning_rate": 0.0205036075481788, "subsample": 0.9315067693036523, "min_child_weight": 1}, "user_attrs": {"std_err": 0.004407566288944879}}
{"number": 35, "value": 0.7809232430613017, "params": {"learning_rate": 0.04402638870707243, "subsample": 0.9663647774275264, "min_child_weight": 6}, "user_attrs": {"std_err": 0.003560886453568836}}
{"number": 36, "value": 0.7820661122252921, "params": {"learning_rate": 0.03651618036787448, "subsample": 0.4781112978540496, "min_child_weight": 6}, "user_attrs": {"std_err": 0.004633279291689662}}
{"number": 37, "value": 0.7685919246034529, "params": {"learning_rate": 0.19145527390182684, "subsample": 0.8731127045411722, "min_child_weight": 6}, "user_attrs": {"std_err": 0.003243332433771325}}
{"number": 38, "value": 0.7663331837370096, "params": {"learning_rate": 0.2146843487226872, "subsample": 0.8683315517218196, "min_child_weight": 6}, "user_attrs": {"std_err": 0.002796421720828616}}
{"number": 39, "value": 0.6878771580438411, "params": {"learning_rate": 0.9943937796227833, "subsample": 0.48864736990440133, "min_child_weight": 6}, "user_attrs": {"std_err": 0.0033805501813830006}}
{"number": 40, "value": 0.77499123459041,