{"number": 61, "value": 0.846657217841979, "params": {"learning_rate": 0.0898203559815124, "subsample": 0.7772921226233059, "colsample_bytree": 0.659641175194902}, "user_attrs": {"std_err": 0.0019243293081742485}}