{"number": 34, "value": 0.7859396090349466, "params": {"min_impurity_decrease": 0.0003015296536809965, "min_weight_fraction_leaf": 0.001605071434345906, "min_samples_split": 15}, "user_attrs": {"std_err": 0.002240090686721333}}