{"number": 43, "value": 0.8526980979657781, "params": {"max_depth": 31, "min_samples_leaf": 2, "max_features": "log2"}, "user_attrs": {"std_err": 0.003034951785289195}}