{"number": 0, "value": 0.8864559981629846, "params": {"max_depth": 16, "min_samples_leaf": 75, "min_samples_split": 299}, "user_attrs": {"std_err": 0.0012659111526475727}}
{"number": 1, "value": 0.874767733075007, "params": {"max_depth": 4, "min_samples_leaf": 33, "min_samples_split": 143}, "user_attrs": {"std_err": 0.0014731143942131792}}
{"number": 2, "value": 0.8845718383757818, "params": {"max_depth": 15, "min_samples_leaf": 122, "min_samples_split": 142}, "user_attrs": {"std_err": 0.0013195904028834586}}
{"number": 3, "value": 0.883777251136312, "params": {"max_depth": 14, "min_samples_leaf": 133, "min_samples_split": 61}, "user_attrs": {"std_err": 0.0013132677371695068}}
{"number": 4, "value": 0.8838612624216721, "params": {"max_depth": 12, "min_samples_leaf": 132, "min_samples_split": 283}, "user_attrs": {"std_err": 0.001341129356905913}}
{"number": 5, "value": 0.8878311466770153, "params": {"max_depth": 30, "min_samples_leaf": 64, "min_samples_split": 265}, "user_attrs": {"std_err": 0.0012726748625133304}}
{"number": 6, "value": 0.8816911268930208, "params": {"max_depth": 9, "min_samples_leaf": 156, "min_samples_split": 297}, "user_attrs": {"std_err": 0.0013569045290953267}}
{"number": 7, "value": 0.888735135799231, "params": {"max_depth": 8, "min_samples_leaf": 11, "min_samples_split": 134}, "user_attrs": {"std_err": 0.0013249385612762623}}
{"number": 8, "value": 0.8850342807191858, "params": {"max_depth": 9, "min_samples_leaf": 102, "min_samples_split": 21}, "user_attrs": {"std_err": 0.0012349867363512937}}
{"number": 9, "value": 0.8643433425005351, "params": {"max_depth": 2, "min_samples_leaf": 1, "min_samples_split": 223}, "user_attrs": {"std_err": 0.0015482023355507316}}
{"number": 10, "value": 0.900983710137664, "params": {"max_depth": 25, "min_samples_leaf": 11, "min_samples_split": 9}, "user_attrs": {"std_err": 0.0009484812530763195}}
{"number": 11, "value": 0.8677706636218752, "params": {"max_depth": 3, "min_samples_leaf": 155, "min_samples_split": 84}, "user_attrs": {"std_err": 0.0015765959828768594}}
{"number": 12, "value": 0.8809978582777589, "params": {"max_depth": 22, "min_samples_leaf": 187, "min_samples_split": 208}, "user_attrs": {"std_err": 0.00150645590068761}}
{"number": 13, "value": 0.8804658550581064, "params": {"max_depth": 6, "min_samples_leaf": 81, "min_samples_split": 174}, "user_attrs": {"std_err": 0.0011689955780619502}}
{"number": 14, "value": 0.8740584149500306, "params": {"max_depth": 4, "min_samples_leaf": 110, "min_samples_split": 113}, "user_attrs": {"std_err": 0.001551512906705473}}
{"number": 15, "value": 0.8684291030459453, "params": {"max_depth": 3, "min_samples_leaf": 20, "min_samples_split": 199}, "user_attrs": {"std_err": 0.0016416111827704412}}
{"number": 16, "value": 0.8810490294970682, "params": {"max_depth": 6, "min_samples_leaf": 26, "min_samples_split": 237}, "user_attrs": {"std_err": 0.0010429358856648193}}
{"number": 17, "value": 0.8775818381173905, "params": {"max_depth": 6, "min_samples_leaf": 195, "min_samples_split": 85}, "user_attrs": {"std_err": 0.0013453761779124152}}
{"number": 18, "value": 0.896003720834087, "params": {"max_depth": 18, "min_samples_leaf": 2, "min_samples_split": 117}, "user_attrs": {"std_err": 0.0010923187050778812}}
{"number": 19, "value": 0.8799614070720224, "params": {"max_depth": 6, "min_samples_leaf": 101, "min_samples_split": 110}, "user_attrs": {"std_err": 0.0012374584453917067}}
{"number": 20, "value": 0.8926123989775508, "params": {"max_depth": 12, "min_samples_leaf": 39, "min_samples_split": 51}, "user_attrs": {"std_err": 0.0011829772624241412}}
{"number": 21, "value": 0.8643465407017418, "params": {"max_depth": 2, "min_samples_leaf": 28, "min_samples_split": 211}, "user_attrs": {"std_err": 0.0015428646456226995}}
{"number": 22, "value": 0.8826680701049605, "params": {"max_depth": 16, "min_samples_leaf": 151, "min_samples_split": 47}, "user_attrs": {"std_err": 0.0015737256168427546}}
{"number": 23, "value": 0.864112106702913, "params": {"max_depth": 2, "min_samples_leaf": 120, "min_samples_split": 48}, "user_attrs": {"std_err": 0.0016243350225697117}}
{"number": 24, "value": 0.8756665251202616, "params": {"max_depth": 5, "min_samples_leaf": 194, "min_samples_split": 165}, "user_attrs": {"std_err": 0.001151578169040482}}
{"number": 25, "value": 0.887326981458721, "params": {"max_depth": 13, "min_samples_leaf": 58, "min_samples_split": 282}, "user_attrs": {"std_err": 0.0012633430949040866}}
{"number": 26, "value": 0.8677181370672983, "params": {"max_depth": 3, "min_samples_leaf": 170, "min_samples_split": 213}, "user_attrs": {"std_err": 0.0015614592460800037}}
{"number": 27, "value": 0.8899452746820934, "params": {"max_depth": 15, "min_samples_leaf": 11, "min_samples_split": 284}, "user_attrs": {"std_err": 0.0012197901380686129}}
{"number": 28, "value": 0.887059853653043, "params": {"max_depth": 18, "min_samples_leaf": 91, "min_samples_split": 155}, "user_attrs": {"std_err": 0.0011986900654308505}}
{"number": 29, "value": 0.88738893685649, "params": {"max_depth": 30, "min_samples_leaf": 63, "min_samples_split": 288}, "user_attrs": {"std_err": 0.0011991350054560616}}
{"number": 30, "value": 0.8870253559827083, "params": {"max_depth": 32, "min_samples_leaf": 70, "min_samples_split": 297}, "user_attrs": {"std_err": 0.0011486135919365297}}
{"number": 31, "value": 0.8894724869378345, "params": {"max_depth": 31, "min_samples_leaf": 61, "min_samples_split": 173}, "user_attrs": {"std_err": 0.0011016706130093474}}
{"number": 32, "value": 0.8870083704141036, "params": {"max_depth": 28, "min_samples_leaf": 66, "min_samples_split": 299}, "user_attrs": {"std_err": 0.0012784345961664785}}
{"number": 33, "value": 0.8870073758515333, "params": {"max_depth": 30, "min_samples_leaf": 66, "min_samples_split": 294}, "user_attrs": {"std_err": 0.0012616925208129518}}
{"number": 34, "value": 0.8910428427328434, "params": {"max_depth": 32, "min_samples_leaf": 50, "min_samples_split": 12}, "user_attrs": {"std_err": 0.0012412472604809116}}
{"number": 35, "value": 0.8907229543578661, "params": {"max_depth": 31, "min_samples_leaf": 58, "min_samples_split": 35}, "user_attrs": {"std_err": 0.0012130727810459219}}
{"number": 36, "value": 0.8907229543578661, "params": {"max_depth": 32, "min_samples_leaf": 58, "min_samples_split": 17}, "user_attrs": {"std_err": 0.0012130727810459219}}
{"number": 37, "value": 0.889405773240709, "params": {"max_depth": 10, "min_samples_leaf": 55, "min_samples_split": 32}, "user_attrs": {"std_err": 0.001033293737381842}}
{"number": 38, "value": 0.892267714792607, "params": {"max_depth": 23, "min_samples_leaf": 44, "min_samples_split": 27}, "user_attrs": {"std_err": 0.001096884602383868}}
{"number": 39, "value": 0.892267714792607, "params": {"max_depth": 29, "min_samples_leaf": 44, "min_samples_split": 8}, "user_attrs": {"std_err": 0.001096884602383868}}
{"number": 40, "value": 0.9066924017857273, "params": {"max_depth": 29, "min_samples_leaf": 3, "min_samples_split": 2}, "user_attrs": {"std_err": 0.0008386584152389326}}
{"number": 41, "value": 0.8906508875739645, "params": {"max_depth": 31, "min_samples_leaf": 54, "min_samples_split": 7}, "user_attrs": {"std_err": 0.0011817877254366351}}
{"number": 42, "value": 0.9084123612426767, "params": {"max_depth": 23, "min_samples_leaf": 1, "min_samples_split": 4}, "user_attrs": {"std_err": 0.0007633533557669895}}
{"number": 43, "value": 0.891187502833772, "params": {"max_depth": 31, "min_samples_leaf": 51, "min_samples_split": 2}, "user_attrs": {"std_err": 0.0011738685607308036}}
{"number": 44, "value": 0.9067294151143284, "params": {"max_depth": 30, "min_samples_leaf": 1, "min_samples_split": 13}, "user_attrs": {"std_err": 0.0008828493633673099}}
{"number": 45, "value": 0.9018620063934772, "params": {"max_depth": 27, "min_samples_leaf": 9, "min_samples_split": 6}, "user_attrs": {"std_err": 0.001011533682987503}}
{"number": 46, "value": 0.8926189123873257, "params": {"max_depth": 23, "min_samples_leaf": 43,