{
    "learning_rate":0.0213548487,
    "subsample":0.7028481006,
    "min_child_weight":5.0,
    "achieved_value":0.891238162
}