{"number": 0, "value": 0.7755129517692103, "params": {"max_depth": 15, "max_features": "sqrt", "min_samples_leaf": 7}, "user_attrs": {"std_err": 0.004725332987940147}}
{"number": 1, "value": 0.746526513610928, "params": {"max_depth": 5, "max_features": null, "min_samples_leaf": 186}, "user_attrs": {"std_err": 0.004383545093588669}}
{"number": 2, "value": 0.7386928319986537, "params": {"max_depth": 2, "max_features": "log2", "min_samples_leaf": 57}, "user_attrs": {"std_err": 0.005727750113463524}}
{"number": 3, "value": 0.7557578222515182, "params": {"max_depth": 13, "max_features": "log2", "min_samples_leaf": 160}, "user_attrs": {"std_err": 0.005156017717833787}}
{"number": 4, "value": 0.7518291656732534, "params": {"max_depth": 4, "max_features": "sqrt", "min_samples_leaf": 52}, "user_attrs": {"std_err": 0.005136469358234933}}
{"number": 5, "value": 0.7477335455731176, "params": {"max_depth": 3, "max_features": "sqrt", "min_samples_leaf": 34}, "user_attrs": {"std_err": 0.005090054101562949}}
{"number": 6, "value": 0.7439883314867537, "params": {"max_depth": 2, "max_features": "sqrt", "min_samples_leaf": 49}, "user_attrs": {"std_err": 0.005525644052484994}}
{"number": 7, "value": 0.7513957336998442, "params": {"max_depth": 4, "max_features": "sqrt", "min_samples_leaf": 117}, "user_attrs": {"std_err": 0.005017250265210675}}
{"number": 8, "value": 0.7469156977967266, "params": {"max_depth": 3, "max_features": "sqrt", "min_samples_leaf": 94}, "user_attrs": {"std_err": 0.004895001381168226}}
{"number": 9, "value": 0.7633231420837833, "params": {"max_depth": 19, "max_features": "sqrt", "min_samples_leaf": 76}, "user_attrs": {"std_err": 0.0047377056554114335}}
{"number": 10, "value": 0.7458937211618023, "params": {"max_depth": 3, "max_features": "sqrt", "min_samples_leaf": 146}, "user_attrs": {"std_err": 0.0050134149931689576}}
{"number": 11, "value": 0.7442986269862418, "params": {"max_depth": 2, "max_features": "sqrt", "min_samples_leaf": 95}, "user_attrs": {"std_err": 0.005262653737827923}}
{"number": 12, "value": 0.7607887466165518, "params": {"max_depth": 7, "max_features": "sqrt", "min_samples_leaf": 63}, "user_attrs": {"std_err": 0.004364528717862908}}
{"number": 13, "value": 0.7607308247899807, "params": {"max_depth": 30, "max_features": "sqrt", "min_samples_leaf": 104}, "user_attrs": {"std_err": 0.004540891062270447}}
{"number": 14, "value": 0.7551564450303634, "params": {"max_depth": 18, "max_features": "sqrt", "min_samples_leaf": 196}, "user_attrs": {"std_err": 0.00463837748940737}}
{"number": 15, "value": 0.7569250943158071, "params": {"max_depth": 9, "max_features": "sqrt", "min_samples_leaf": 151}, "user_attrs": {"std_err": 0.004445829948332509}}
{"number": 16, "value": 0.7602043392283635, "params": {"max_depth": 6, "max_features": null, "min_samples_leaf": 12}, "user_attrs": {"std_err": 0.004463992755633211}}
{"number": 17, "value": 0.7576400712452492, "params": {"max_depth": 8, "max_features": "sqrt", "min_samples_leaf": 145}, "user_attrs": {"std_err": 0.004283892081877641}}
{"number": 18, "value": 0.7143038862319958, "params": {"max_depth": 2, "max_features": null, "min_samples_leaf": 170}, "user_attrs": {"std_err": 0.0033409394337908455}}
{"number": 19, "value": 0.7566027376127231, "params": {"max_depth": 7, "max_features": "sqrt", "min_samples_leaf": 163}, "user_attrs": {"std_err": 0.004967938659543744}}
{"number": 20, "value": 0.7495784188603565, "params": {"max_depth": 4, "max_features": "log2", "min_samples_leaf": 120}, "user_attrs": {"std_err": 0.005786912837496637}}
{"number": 21, "value": 0.7443848786166081, "params": {"max_depth": 2, "max_features": "sqrt", "min_samples_leaf": 94}, "user_attrs": {"std_err": 0.0055893185121265445}}
{"number": 22, "value": 0.7556139994109644, "params": {"max_depth": 8, "max_features": "log2", "min_samples_leaf": 138}, "user_attrs": {"std_err": 0.005033049903561276}}
{"number": 23, "value": 0.7619216582752479, "params": {"max_depth": 14, "max_features": null, "min_samples_leaf": 42}, "user_attrs": {"std_err": 0.003812371759279839}}
{"number": 24, "value": 0.7366857635723602, "params": {"max_depth": 2, "max_features": "log2", "min_samples_leaf": 133}, "user_attrs": {"std_err": 0.0057793246871400495}}
{"number": 25, "value": 0.7729002987251589, "params": {"max_depth": 22, "max_features": "sqrt", "min_samples_leaf": 13}, "user_attrs": {"std_err": 0.003664298423494638}}
{"number": 26, "value": 0.7413036618375103, "params": {"max_depth": 3, "max_features": "log2", "min_samples_leaf": 147}, "user_attrs": {"std_err": 0.0058957722945180546}}
{"number": 27, "value": 0.7641379745592751, "params": {"max_depth": 9, "max_features": "log2", "min_samples_leaf": 54}, "user_attrs": {"std_err": 0.004578561798191846}}
{"number": 28, "value": 0.7144680448227984, "params": {"max_depth": 2, "max_features": null, "min_samples_leaf": 77}, "user_attrs": {"std_err": 0.003197111908573567}}
{"number": 29, "value": 0.7455424736687097, "params": {"max_depth": 4, "max_features": null, "min_samples_leaf": 20}, "user_attrs": {"std_err": 0.004801598212874397}}
{"number": 30, "value": 0.7552699044920971, "params": {"max_depth": 27, "max_features": null, "min_samples_leaf": 90}, "user_attrs": {"std_err": 0.004255251822732646}}
{"number": 31, "value": 0.754944812981221, "params": {"max_depth": 27, "max_features": null, "min_samples_leaf": 95}, "user_attrs": {"std_err": 0.004312389267241146}}
{"number": 32, "value": 0.7547962918811271, "params": {"max_depth": 26, "max_features": null, "min_samples_leaf": 92}, "user_attrs": {"std_err": 0.0038550399251877964}}
{"number": 33, "value": 0.7547703462687405, "params": {"max_depth": 5, "max_features": null, "min_samples_leaf": 1}, "user_attrs": {"std_err": 0.004312965290601805}}
{"number": 34, "value": 0.7541044556330029, "params": {"max_depth": 5, "max_features": null, "min_samples_leaf": 4}, "user_attrs": {"std_err": 0.004523780212931854}}
{"number": 35, "value": 0.7717847776390896, "params": {"max_depth": 14, "max_features": null, "min_samples_leaf": 3}, "user_attrs": {"std_err": 0.003888768090321119}}
{"number": 36, "value": 0.7710700812027544, "params": {"max_depth": 14, "max_features": null, "min_samples_leaf": 12}, "user_attrs": {"std_err": 0.0036861511168358174}}
{"number": 37, "value": 0.7715306508842545, "params": {"max_depth": 24, "max_features": null, "min_samples_leaf": 8}, "user_attrs": {"std_err": 0.0035671507375910124}}
{"number": 38, "value": 0.7720410080922261, "params": {"max_depth": 24, "max_features": "log2", "min_samples_leaf": 17}, "user_attrs": {"std_err": 0.004669661573896546}}
{"number": 39, "value": 0.7753373630843022, "params": {"max_depth": 26, "max_features": "log2", "min_samples_leaf": 9}, "user_attrs": {"std_err": 0.004063200208760289}}
{"number": 40, "value": 0.76311473570537, "params": {"max_depth": 20, "max_features": "sqrt", "min_samples_leaf": 73}, "user_attrs": {"std_err": 0.004242587505679083}}
{"number": 41, "value": 0.756427429420922, "params": {"max_depth": 20, "max_features": null, "min_samples_leaf": 73}, "user_attrs": {"std_err": 0.0038817184696852657}}
{"number": 42, "value": 0.756771384093236, "params": {"max_depth": 18, "max_features": null, "min_samples_leaf": 69}, "user_attrs": {"std_err": 0.004160776057000021}}
{"number": 43, "value": 0.756743545152378, "params": {"max_depth": 20, "max_features": null, "min_samples_leaf": 72}, "user_attrs": {"std_err": 0.0041012833805973}}
{"number": 44, "value": 0.7687417780458045, "params": {"max_depth": 19, "max_features": null, "min_samples_leaf": 1}, "user_attrs": {"std_err": 0.0035637410206415055}}
{"number": 45, "value": 0.7801375818689256, "params": {"max_depth": 19, "max_features": "log2", "min_samples_leaf": 2}, "user_attrs": {"std_err": 0.004242465205230036}}
{"number": 46, "value": 0.7747403335063041, "params": {"max_depth": 12, "max_features": "log2", "min_samples_leaf": 4}, "user_attrs": {"std_err": 0.0037887081289827824}}
{"number": 47, "value": 0.771106545306649, "params": {"max_depth": 31,