{"number": 25, "value": 0.8401586477521367, "params": {"min_impurity_decrease": 0.0014331601716500338, "min_weight_fraction_leaf": 0.02832443881789143, "min_samples_split": 20}, "user_attrs": {"std_err": 0.0024361619896475606}}