{"number": 0, "value": 0.7616615703192813, "params": {"max_depth": 2, "max_features": null, "min_samples_leaf": 140}, "user_attrs": {"std_err": 0.007439094505220951}}
{"number": 1, "value": 0.8694659059368861, "params": {"max_depth": 15, "max_features": null, "min_samples_leaf": 198}, "user_attrs": {"std_err": 0.0020245728052422697}}
{"number": 2, "value": 0.832692592136441, "params": {"max_depth": 2, "max_features": "log2", "min_samples_leaf": 120}, "user_attrs": {"std_err": 0.002756045352573506}}
{"number": 3, "value": 0.8708364982937207, "params": {"max_depth": 27, "max_features": "log2", "min_samples_leaf": 23}, "user_attrs": {"std_err": 0.0020932753991092967}}
{"number": 4, "value": 0.8683779943864554, "params": {"max_depth": 29, "max_features": "log2", "min_samples_leaf": 37}, "user_attrs": {"std_err": 0.0020768876383066674}}
{"number": 5, "value": 0.8585915341901169, "params": {"max_depth": 7, "max_features": "sqrt", "min_samples_leaf": 168}, "user_attrs": {"std_err": 0.0023481089310909762}}
{"number": 6, "value": 0.8690927107009152, "params": {"max_depth": 6, "max_features": null, "min_samples_leaf": 79}, "user_attrs": {"std_err": 0.00243175836183012}}
{"number": 7, "value": 0.8720090019428781, "params": {"max_depth": 25, "max_features": null, "min_samples_leaf": 167}, "user_attrs": {"std_err": 0.002283194593712847}}
{"number": 8, "value": 0.8644463327807788, "params": {"max_depth": 30, "max_features": "sqrt", "min_samples_leaf": 101}, "user_attrs": {"std_err": 0.002294809176888289}}
{"number": 9, "value": 0.8591055100069711, "params": {"max_depth": 15, "max_features": "sqrt", "min_samples_leaf": 191}, "user_attrs": {"std_err": 0.002554226738855579}}
{"number": 10, "value": 0.8406045314964876, "params": {"max_depth": 3, "max_features": "log2", "min_samples_leaf": 82}, "user_attrs": {"std_err": 0.00259029400846919}}
{"number": 11, "value": 0.8387593571354068, "params": {"max_depth": 4, "max_features": null, "min_samples_leaf": 51}, "user_attrs": {"std_err": 0.0033734920040603927}}
{"number": 12, "value": 0.8858065890497576, "params": {"max_depth": 20, "max_features": null, "min_samples_leaf": 31}, "user_attrs": {"std_err": 0.002197202913309212}}
{"number": 13, "value": 0.8559887139820633, "params": {"max_depth": 6, "max_features": "sqrt", "min_samples_leaf": 144}, "user_attrs": {"std_err": 0.0026339677771822258}}
{"number": 14, "value": 0.8506403778034576, "params": {"max_depth": 4, "max_features": "sqrt", "min_samples_leaf": 108}, "user_attrs": {"std_err": 0.0025370847394856643}}
{"number": 15, "value": 0.8320668875705891, "params": {"max_depth": 2, "max_features": "log2", "min_samples_leaf": 150}, "user_attrs": {"std_err": 0.0024173785664248293}}
{"number": 16, "value": 0.8171005682491174, "params": {"max_depth": 3, "max_features": null, "min_samples_leaf": 93}, "user_attrs": {"std_err": 0.005681366522697352}}
{"number": 17, "value": 0.8453853846303435, "params": {"max_depth": 3, "max_features": "sqrt", "min_samples_leaf": 16}, "user_attrs": {"std_err": 0.0022478726390357624}}
{"number": 18, "value": 0.8603859415062285, "params": {"max_depth": 6, "max_features": "sqrt", "min_samples_leaf": 2}, "user_attrs": {"std_err": 0.002717268402404963}}
{"number": 19, "value": 0.887577542757166, "params": {"max_depth": 17, "max_features": null, "min_samples_leaf": 16}, "user_attrs": {"std_err": 0.0023172838980439316}}
{"number": 20, "value": 0.862355543743632, "params": {"max_depth": 9, "max_features": "sqrt", "min_samples_leaf": 120}, "user_attrs": {"std_err": 0.0023586709123521866}}
{"number": 21, "value": 0.8387394392466089, "params": {"max_depth": 4, "max_features": null, "min_samples_leaf": 49}, "user_attrs": {"std_err": 0.0033150872149157943}}
{"number": 22, "value": 0.838861215333003, "params": {"max_depth": 3, "max_features": "log2", "min_samples_leaf": 176}, "user_attrs": {"std_err": 0.0024664198208583414}}
{"number": 23, "value": 0.8758781991635665, "params": {"max_depth": 13, "max_features": null, "min_samples_leaf": 104}, "user_attrs": {"std_err": 0.0021292047820764886}}
{"number": 24, "value": 0.8381656802990275, "params": {"max_depth": 4, "max_features": null, "min_samples_leaf": 81}, "user_attrs": {"std_err": 0.002737767924478317}}
{"number": 25, "value": 0.8661390586852896, "params": {"max_depth": 9, "max_features": "sqrt", "min_samples_leaf": 70}, "user_attrs": {"std_err": 0.002231689564961134}}
{"number": 26, "value": 0.8547931986891907, "params": {"max_depth": 6, "max_features": "log2", "min_samples_leaf": 37}, "user_attrs": {"std_err": 0.0027590363961955268}}
{"number": 27, "value": 0.848758756063023, "params": {"max_depth": 5, "max_features": "log2", "min_samples_leaf": 97}, "user_attrs": {"std_err": 0.0029934976484166623}}
{"number": 28, "value": 0.8604744228968506, "params": {"max_depth": 7, "max_features": "sqrt", "min_samples_leaf": 118}, "user_attrs": {"std_err": 0.0023323685505194027}}
{"number": 29, "value": 0.8833535360440126, "params": {"max_depth": 30, "max_features": null, "min_samples_leaf": 52}, "user_attrs": {"std_err": 0.0020730071722798167}}
{"number": 30, "value": 0.8834049218399651, "params": {"max_depth": 31, "max_features": null, "min_samples_leaf": 50}, "user_attrs": {"std_err": 0.0022556889398445763}}
{"number": 31, "value": 0.8832631689361079, "params": {"max_depth": 31, "max_features": null, "min_samples_leaf": 51}, "user_attrs": {"std_err": 0.0019275215401041725}}
{"number": 32, "value": 0.8658823064915229, "params": {"max_depth": 31, "max_features": "log2", "min_samples_leaf": 49}, "user_attrs": {"std_err": 0.002249942687230449}}
{"number": 33, "value": 0.8671713121115495, "params": {"max_depth": 31, "max_features": "log2", "min_samples_leaf": 45}, "user_attrs": {"std_err": 0.0022738315326985316}}
{"number": 34, "value": 0.8662154302352374, "params": {"max_depth": 31, "max_features": "log2", "min_samples_leaf": 48}, "user_attrs": {"std_err": 0.0018008030788709004}}
{"number": 35, "value": 0.8678993757686507, "params": {"max_depth": 30, "max_features": "log2", "min_samples_leaf": 39}, "user_attrs": {"std_err": 0.00241957490090747}}
{"number": 36, "value": 0.8669848028865618, "params": {"max_depth": 32, "max_features": "log2", "min_samples_leaf": 44}, "user_attrs": {"std_err": 0.0020054864876694984}}
{"number": 37, "value": 0.8676970147327555, "params": {"max_depth": 30, "max_features": "log2", "min_samples_leaf": 37}, "user_attrs": {"std_err": 0.001990275792108449}}
{"number": 38, "value": 0.8637371852251693, "params": {"max_depth": 31, "max_features": "log2", "min_samples_leaf": 64}, "user_attrs": {"std_err": 0.002176342522583929}}
{"number": 39, "value": 0.8687876075374478, "params": {"max_depth": 30, "max_features": "log2", "min_samples_leaf": 36}, "user_attrs": {"std_err": 0.0019624911851464414}}
{"number": 40, "value": 0.8841597391110142, "params": {"max_depth": 32, "max_features": null, "min_samples_leaf": 36}, "user_attrs": {"std_err": 0.002165193970729568}}
{"number": 41, "value": 0.8855324823641239, "params": {"max_depth": 30, "max_features": null, "min_samples_leaf": 33}, "user_attrs": {"std_err": 0.001067827444809859}}
{"number": 42, "value": 0.882159052002779, "params": {"max_depth": 19, "max_features": null, "min_samples_leaf": 62}, "user_attrs": {"std_err": 0.0017151271897732758}}
{"number": 43, "value": 0.8822465610704274, "params": {"max_depth": 19, "max_features": null, "min_samples_leaf": 66}, "user_attrs": {"std_err": 0.0017356743833360523}}
{"number": 44, "value": 0.8812913568737637, "params": {"max_depth": 19, "max_features": null, "min_samples_leaf": 71}, "user_attrs": {"std_err": 0.00178871950675824}}
{"number": 45, "value": 0.8789855666020612, "params": {"max_depth": 19, "max_features": null, "min_samples_leaf": 77}, "user_attrs": {"std_err": 0.0015983095257078494}}
{"number": 46, "value": 0.8691422402439175, "params": {"max_depth": 19, "max_features": null, "min_samples_leaf": 198}, "user_attrs": {"std_err": 0.0021140439376205423}}
{"number": 47, "value": 0.8697702430277076,