{
    "learning_rate":0.0314401523,
    "subsample":0.5862642218,
    "max_depth":9.0,
    "achieved_value":0.9165323113
}