{"number": 45, "value": 0.7801375818689256, "params": {"max_depth": 19, "max_features": "log2", "min_samples_leaf": 2}, "user_attrs": {"std_err": 0.004242465205230036}}