{"number": 15, "value": 0.8482294592358542, "params": {"min_impurity_decrease": 0.006667821456430145, "min_samples_split": 20, "min_weight_fraction_leaf": 0.007940135231058687}, "user_attrs": {"std_err": 0.0018848665599880774}}