{"number": 85, "value": 0.6647573545496827, "params": {"min_impurity_decrease": 0.0109291861507705, "min_samples_split": 10, "min_weight_fraction_leaf": 0.27777901783814063}, "user_attrs": {"std_err": 0.003562902044601534}}