{
    "learning_rate":0.0239432155,
    "subsample":0.2019433693,
    "min_child_weight":6.0,
    "achieved_value":0.7796104652
}