{"number": 0, "value": 0.8109951505609644, "params": {"max_depth": 27, "min_samples_leaf": 75, "max_features": "log2"}, "user_attrs": {"std_err": 0.002403375507690103}}
{"number": 1, "value": 0.7111362956403617, "params": {"max_depth": 2, "min_samples_leaf": 100, "max_features": null}, "user_attrs": {"std_err": 0.00526409202037259}}
{"number": 2, "value": 0.7977692111798577, "params": {"max_depth": 4, "min_samples_leaf": 73, "max_features": "sqrt"}, "user_attrs": {"std_err": 0.0023103826572962215}}
{"number": 3, "value": 0.7111362956403617, "params": {"max_depth": 2, "min_samples_leaf": 13, "max_features": null}, "user_attrs": {"std_err": 0.00526409202037259}}
{"number": 4, "value": 0.7111362956403617, "params": {"max_depth": 2, "min_samples_leaf": 92, "max_features": null}, "user_attrs": {"std_err": 0.00526409202037259}}
{"number": 5, "value": 0.8021218838671664, "params": {"max_depth": 6, "min_samples_leaf": 100, "max_features": "log2"}, "user_attrs": {"std_err": 0.0027091647186157784}}
{"number": 6, "value": 0.8179611480382037, "params": {"max_depth": 19, "min_samples_leaf": 19, "max_features": "log2"}, "user_attrs": {"std_err": 0.0020484691658116437}}
{"number": 7, "value": 0.8046724218895868, "params": {"max_depth": 6, "min_samples_leaf": 154, "max_features": "sqrt"}, "user_attrs": {"std_err": 0.002237124002588218}}
{"number": 8, "value": 0.8120385931461135, "params": {"max_depth": 9, "min_samples_leaf": 22, "max_features": "log2"}, "user_attrs": {"std_err": 0.002216011673512658}}
{"number": 9, "value": 0.8096258451849792, "params": {"max_depth": 26, "min_samples_leaf": 103, "max_features": null}, "user_attrs": {"std_err": 0.0021468935797946116}}
{"number": 10, "value": 0.792740390509197, "params": {"max_depth": 3, "min_samples_leaf": 75, "max_features": "log2"}, "user_attrs": {"std_err": 0.0024455385188368174}}
{"number": 11, "value": 0.7502222459854545, "params": {"max_depth": 3, "min_samples_leaf": 138, "max_features": null}, "user_attrs": {"std_err": 0.003677879112726454}}
{"number": 12, "value": 0.7872088390135564, "params": {"max_depth": 2, "min_samples_leaf": 150, "max_features": "log2"}, "user_attrs": {"std_err": 0.0028282627627706923}}
{"number": 13, "value": 0.7750832710169784, "params": {"max_depth": 4, "min_samples_leaf": 12, "max_features": null}, "user_attrs": {"std_err": 0.001698100379207233}}
{"number": 14, "value": 0.7969409690421295, "params": {"max_depth": 4, "min_samples_leaf": 2, "max_features": "log2"}, "user_attrs": {"std_err": 0.0026584125099672657}}
{"number": 15, "value": 0.7850411351847566, "params": {"max_depth": 2, "min_samples_leaf": 105, "max_features": "sqrt"}, "user_attrs": {"std_err": 0.0027524599954706487}}
{"number": 16, "value": 0.8109951505609644, "params": {"max_depth": 23, "min_samples_leaf": 75, "max_features": "log2"}, "user_attrs": {"std_err": 0.002403375507690103}}
{"number": 17, "value": 0.8067724289084977, "params": {"max_depth": 17, "min_samples_leaf": 196, "max_features": "sqrt"}, "user_attrs": {"std_err": 0.0021494552326590203}}
{"number": 18, "value": 0.8040539269634923, "params": {"max_depth": 6, "min_samples_leaf": 4, "max_features": "log2"}, "user_attrs": {"std_err": 0.002460477508709631}}
{"number": 19, "value": 0.7978159364638386, "params": {"max_depth": 4, "min_samples_leaf": 74, "max_features": "sqrt"}, "user_attrs": {"std_err": 0.002279103901755819}}
{"number": 20, "value": 0.810412208175998, "params": {"max_depth": 7, "min_samples_leaf": 6, "max_features": "sqrt"}, "user_attrs": {"std_err": 0.0022043893641264896}}
{"number": 21, "value": 0.8104378767272618, "params": {"max_depth": 11, "min_samples_leaf": 111, "max_features": "sqrt"}, "user_attrs": {"std_err": 0.002240331854616183}}
{"number": 22, "value": 0.8188712206652926, "params": {"max_depth": 17, "min_samples_leaf": 43, "max_features": null}, "user_attrs": {"std_err": 0.002378000226147715}}
{"number": 23, "value": 0.7937184794717094, "params": {"max_depth": 3, "min_samples_leaf": 86, "max_features": "sqrt"}, "user_attrs": {"std_err": 0.0021162478480734577}}
{"number": 24, "value": 0.8103750154037934, "params": {"max_depth": 12, "min_samples_leaf": 85, "max_features": "log2"}, "user_attrs": {"std_err": 0.0021199271496936895}}
{"number": 25, "value": 0.7502222459854545, "params": {"max_depth": 3, "min_samples_leaf": 100, "max_features": null}, "user_attrs": {"std_err": 0.003677879112726454}}
{"number": 26, "value": 0.7927064568974431, "params": {"max_depth": 3, "min_samples_leaf": 171, "max_features": "log2"}, "user_attrs": {"std_err": 0.0023355018620156666}}
{"number": 27, "value": 0.8087942373782887, "params": {"max_depth": 13, "min_samples_leaf": 143, "max_features": "sqrt"}, "user_attrs": {"std_err": 0.0019164633621603618}}
{"number": 28, "value": 0.8097423122422693, "params": {"max_depth": 18, "min_samples_leaf": 128, "max_features": "sqrt"}, "user_attrs": {"std_err": 0.0025077869567238145}}
{"number": 29, "value": 0.8194655807626884, "params": {"max_depth": 22, "min_samples_leaf": 40, "max_features": null}, "user_attrs": {"std_err": 0.0023899106929109537}}
{"number": 30, "value": 0.8199393519234001, "params": {"max_depth": 24, "min_samples_leaf": 37, "max_features": null}, "user_attrs": {"std_err": 0.002413609998270609}}
{"number": 31, "value": 0.8225990398683726, "params": {"max_depth": 20, "min_samples_leaf": 26, "max_features": null}, "user_attrs": {"std_err": 0.002499306718359473}}
{"number": 32, "value": 0.8210444416349866, "params": {"max_depth": 14, "min_samples_leaf": 32, "max_features": null}, "user_attrs": {"std_err": 0.002516415323634045}}
{"number": 33, "value": 0.8215230269804167, "params": {"max_depth": 12, "min_samples_leaf": 30, "max_features": null}, "user_attrs": {"std_err": 0.002539243220150772}}
{"number": 34, "value": 0.8218457051667599, "params": {"max_depth": 12, "min_samples_leaf": 28, "max_features": null}, "user_attrs": {"std_err": 0.00249637402526981}}
{"number": 35, "value": 0.8138572259794283, "params": {"max_depth": 12, "min_samples_leaf": 37, "max_features": "log2"}, "user_attrs": {"std_err": 0.002162724837951578}}
{"number": 36, "value": 0.814593135888565, "params": {"max_depth": 13, "min_samples_leaf": 33, "max_features": "log2"}, "user_attrs": {"std_err": 0.0020679105990675925}}
{"number": 37, "value": 0.8138038439134805, "params": {"max_depth": 12, "min_samples_leaf": 39, "max_features": "log2"}, "user_attrs": {"std_err": 0.00217896683925175}}
{"number": 38, "value": 0.8134757124913501, "params": {"max_depth": 12, "min_samples_leaf": 43, "max_features": "log2"}, "user_attrs": {"std_err": 0.002168074893493599}}
{"number": 39, "value": 0.8141180866257155, "params": {"max_depth": 12, "min_samples_leaf": 36, "max_features": "log2"}, "user_attrs": {"std_err": 0.002279511115984337}}
{"number": 40, "value": 0.8135880150658419, "params": {"max_depth": 13, "min_samples_leaf": 39, "max_features": "log2"}, "user_attrs": {"std_err": 0.0022651369556185184}}
{"number": 41, "value": 0.8143909401303941, "params": {"max_depth": 15, "min_samples_leaf": 38, "max_features": "log2"}, "user_attrs": {"std_err": 0.002284288895037593}}
{"number": 42, "value": 0.8144017400934569, "params": {"max_depth": 31, "min_samples_leaf": 37, "max_features": "log2"}, "user_attrs": {"std_err": 0.002155057037658828}}
{"number": 43, "value": 0.8148030641646681, "params": {"max_depth": 31, "min_samples_leaf": 36, "max_features": "log2"}, "user_attrs": {"std_err": 0.0023661246912595572}}
{"number": 44, "value": 0.8144017400934569, "params": {"max_depth": 29, "min_samples_leaf": 37, "max_features": "log2"}, "user_attrs": {"std_err": 0.002155057037658828}}
{"number": 45, "value": 0.8136227155388782, "params": {"max_depth": 29, "min_samples_leaf": 44, "max_features": "log2"}, "user_attrs": {"std_err": 0.0020753011147553826}}
{"number": 46, "value": 0.809322690008788, "params": {"max_depth": 8, "min_samples_leaf": 35, "max_features": "log2"}, "user_attrs": {"std_err": 0.002696457413895635}}
{"number": 47, "value": 0.8145406697958156,