{"number": 0, "value": 0.8309395837365618, "params": {"learning_rate": 0.5284145002402844, "subsample": 0.15870631763096404, "max_depth": 7}, "user_attrs": {"std_err": 0.002159001025352921}}
{"number": 1, "value": 0.8682182752822438, "params": {"learning_rate": 0.5500124351985246, "subsample": 0.3250454600031308, "max_depth": 10}, "user_attrs": {"std_err": 0.0005304215910497021}}
{"number": 2, "value": 0.8953231572681316, "params": {"learning_rate": 0.9669793859686476, "subsample": 0.9143490376904196, "max_depth": 3}, "user_attrs": {"std_err": 0.0009987506250268953}}
{"number": 3, "value": 0.821676335212439, "params": {"learning_rate": 0.9391180754229005, "subsample": 0.3112755851606074, "max_depth": 7}, "user_attrs": {"std_err": 0.0012660208181286805}}
{"number": 4, "value": 0.8759665612462845, "params": {"learning_rate": 0.7195172158842624, "subsample": 0.4265114713337912, "max_depth": 10}, "user_attrs": {"std_err": 0.0014830635978850077}}
{"number": 5, "value": 0.8834594786444502, "params": {"learning_rate": 0.36052292635305055, "subsample": 0.3700410997549084, "max_depth": 6}, "user_attrs": {"std_err": 0.0014518489966304851}}
{"number": 6, "value": 0.8355343750563706, "params": {"learning_rate": 0.6841872142340772, "subsample": 0.24490635027270413, "max_depth": 8}, "user_attrs": {"std_err": 0.00145949891754017}}
{"number": 7, "value": 0.8884493160675969, "params": {"learning_rate": 0.7966402141585928, "subsample": 0.8420897138393918, "max_depth": 5}, "user_attrs": {"std_err": 0.0013827055874295207}}
{"number": 8, "value": 0.9091681312900597, "params": {"learning_rate": 0.24713272388148505, "subsample": 0.8756591953102265, "max_depth": 8}, "user_attrs": {"std_err": 0.0013130900422278966}}
{"number": 9, "value": 0.8647726620100986, "params": {"learning_rate": 0.9287541849838091, "subsample": 0.49821832346252093, "max_depth": 4}, "user_attrs": {"std_err": 0.000935519342722175}}
{"number": 10, "value": 0.912527792904771, "params": {"learning_rate": 0.03279447596385537, "subsample": 0.17569526245835904, "max_depth": 10}, "user_attrs": {"std_err": 0.0006636242957688141}}
{"number": 11, "value": 0.9021511803361328, "params": {"learning_rate": 0.2651309057723129, "subsample": 0.35706233446364366, "max_depth": 3}, "user_attrs": {"std_err": 0.0010165248978666196}}
{"number": 12, "value": 0.8547164741001769, "params": {"learning_rate": 0.7285123370113196, "subsample": 0.3920836524332133, "max_depth": 6}, "user_attrs": {"std_err": 0.0017232009108860667}}
{"number": 13, "value": 0.8872821091356912, "params": {"learning_rate": 0.9367826468006375, "subsample": 0.6480975752506286, "max_depth": 3}, "user_attrs": {"std_err": 0.0016629544633880457}}
{"number": 14, "value": 0.8941154657892414, "params": {"learning_rate": 0.3755235724009521, "subsample": 0.4723379431991229, "max_depth": 5}, "user_attrs": {"std_err": 0.0010495990706422679}}
{"number": 15, "value": 0.8975115361945208, "params": {"learning_rate": 0.7992995940039751, "subsample": 0.893983598621682, "max_depth": 8}, "user_attrs": {"std_err": 0.0012303447871841028}}
{"number": 16, "value": 0.9017948539187473, "params": {"learning_rate": 0.6760748843489824, "subsample": 0.9783526560778941, "max_depth": 8}, "user_attrs": {"std_err": 0.0011525737324992829}}
{"number": 17, "value": 0.8079407045695763, "params": {"learning_rate": 0.7392859254593812, "subsample": 0.14266112535715736, "max_depth": 9}, "user_attrs": {"std_err": 0.0017616287335201304}}
{"number": 18, "value": 0.9093058294529955, "params": {"learning_rate": 0.30052738217032066, "subsample": 0.9574869059705011, "max_depth": 4}, "user_attrs": {"std_err": 0.000771933816231624}}
{"number": 19, "value": 0.898734945662269, "params": {"learning_rate": 0.2220210993263018, "subsample": 0.33517627890104806, "max_depth": 2}, "user_attrs": {"std_err": 0.0002501934453193362}}
{"number": 20, "value": 0.892323917328449, "params": {"learning_rate": 0.06202041502517207, "subsample": 0.1110500330723515, "max_depth": 2}, "user_attrs": {"std_err": 0.00030414522036888516}}
{"number": 21, "value": 0.9031678767990492, "params": {"learning_rate": 0.7539123095428087, "subsample": 0.9547352182401975, "max_depth": 10}, "user_attrs": {"std_err": 0.0015993907652761296}}
{"number": 22, "value": 0.9136498154940174, "params": {"learning_rate": 0.07162344122694786, "subsample": 0.5104819607450404, "max_depth": 7}, "user_attrs": {"std_err": 0.0006584041989648035}}
{"number": 23, "value": 0.8932074009106099, "params": {"learning_rate": 0.6887232574759723, "subsample": 0.6805305818879356, "max_depth": 9}, "user_attrs": {"std_err": 0.000439196521865828}}
{"number": 24, "value": 0.8708099883333912, "params": {"learning_rate": 0.6731261530829518, "subsample": 0.3533811990543747, "max_depth": 4}, "user_attrs": {"std_err": 0.0008518235971459127}}
{"number": 25, "value": 0.9037349627258424, "params": {"learning_rate": 0.31172104111941784, "subsample": 0.7587418560550236, "max_depth": 6}, "user_attrs": {"std_err": 0.0014588588782233594}}
{"number": 26, "value": 0.9005705961476302, "params": {"learning_rate": 0.34353866080466217, "subsample": 0.5687598837830995, "max_depth": 2}, "user_attrs": {"std_err": 0.0006946257885651903}}
{"number": 27, "value": 0.83350910439153, "params": {"learning_rate": 0.9671126282320268, "subsample": 0.31591610788421265, "max_depth": 5}, "user_attrs": {"std_err": 0.0023701448649172093}}
{"number": 28, "value": 0.9010239411686989, "params": {"learning_rate": 0.5599619620694007, "subsample": 0.6873761388370011, "max_depth": 3}, "user_attrs": {"std_err": 0.0013725260581433105}}
{"number": 29, "value": 0.9059026703517485, "params": {"learning_rate": 0.6241367218823957, "subsample": 0.9999089223039976, "max_depth": 10}, "user_attrs": {"std_err": 0.0011263029535538893}}
{"number": 30, "value": 0.8969003092407052, "params": {"learning_rate": 0.5383013134279188, "subsample": 0.6990513515581454, "max_depth": 8}, "user_attrs": {"std_err": 0.00102254632588312}}
{"number": 31, "value": 0.9016797479271416, "params": {"learning_rate": 0.47416516831273586, "subsample": 0.6861270957712389, "max_depth": 10}, "user_attrs": {"std_err": 0.0007317780411219205}}
{"number": 32, "value": 0.9156992774307913, "params": {"learning_rate": 0.014522972749469898, "subsample": 0.6622596076941437, "max_depth": 10}, "user_attrs": {"std_err": 0.0006899167953657767}}
{"number": 33, "value": 0.9140313374965203, "params": {"learning_rate": 0.07297258917517815, "subsample": 0.9984099503485049, "max_depth": 10}, "user_attrs": {"std_err": 0.0014020780510992105}}
{"number": 34, "value": 0.9158127355687264, "params": {"learning_rate": 0.016621061986948737, "subsample": 0.7447786157862459, "max_depth": 10}, "user_attrs": {"std_err": 0.0005678232210191058}}
{"number": 35, "value": 0.9145897551279696, "params": {"learning_rate": 0.011488663014953576, "subsample": 0.7381749533810751, "max_depth": 10}, "user_attrs": {"std_err": 0.0005816228996754868}}
{"number": 36, "value": 0.9162502065911221, "params": {"learning_rate": 0.05576091512778736, "subsample": 0.7306555291178642, "max_depth": 10}, "user_attrs": {"std_err": 0.0010459646759442447}}
{"number": 37, "value": 0.9124570424536833, "params": {"learning_rate": 0.1347314681438634, "subsample": 0.7443461772347645, "max_depth": 10}, "user_attrs": {"std_err": 0.0011664925508662325}}
{"number": 38, "value": 0.9152049310802266, "params": {"learning_rate": 0.012791540901284953, "subsample": 0.6944399400488106, "max_depth": 10}, "user_attrs": {"std_err": 0.0005999946777659776}}
{"number": 39, "value": 0.9169911849579236, "params": {"learning_rate": 0.03345537726284717, "subsample": 0.7435186510969375, "max_depth": 9}, "user_attrs": {"std_err": 0.0006634559049283296}}
{"number": 40, "value": 0.9126397396976238, "params": {"learning_rate": 0.16005238908236152, "subsample": 0.7848596760014932, "max_depth": 10}, "user_attrs": {"std_err": 0.0008029659639205102}}
{"number": 41, "value": 0.9108598042174328, "params": {"learning_rate": 0.16998797940585555,