{"number": 0, "value": 0.8297904274069177, "params": {"max_depth": 5, "min_samples_leaf": 22, "max_features": "log2"}, "user_attrs": {"std_err": 0.003402085826261766}}
{"number": 1, "value": 0.8332843137254902, "params": {"max_depth": 7, "min_samples_leaf": 103, "max_features": null}, "user_attrs": {"std_err": 0.0021002814835616264}}
{"number": 2, "value": 0.8311258904310789, "params": {"max_depth": 20, "min_samples_leaf": 167, "max_features": null}, "user_attrs": {"std_err": 0.0027528904275672776}}
{"number": 3, "value": 0.8293824814570023, "params": {"max_depth": 14, "min_samples_leaf": 194, "max_features": "sqrt"}, "user_attrs": {"std_err": 0.0037594749083066786}}
{"number": 4, "value": 0.8193634794741866, "params": {"max_depth": 3, "min_samples_leaf": 41, "max_features": "log2"}, "user_attrs": {"std_err": 0.0032991243759362197}}
{"number": 5, "value": 0.8270458801498128, "params": {"max_depth": 4, "min_samples_leaf": 17, "max_features": "sqrt"}, "user_attrs": {"std_err": 0.0034540404820023398}}
{"number": 6, "value": 0.8507721965190569, "params": {"max_depth": 25, "min_samples_leaf": 11, "max_features": "sqrt"}, "user_attrs": {"std_err": 0.0028842629315294637}}
{"number": 7, "value": 0.8333167180729969, "params": {"max_depth": 16, "min_samples_leaf": 86, "max_features": "log2"}, "user_attrs": {"std_err": 0.0035473669002486596}}
{"number": 8, "value": 0.831849985312477, "params": {"max_depth": 7, "min_samples_leaf": 115, "max_features": "sqrt"}, "user_attrs": {"std_err": 0.0036538203960731247}}
{"number": 9, "value": 0.8371709994859368, "params": {"max_depth": 28, "min_samples_leaf": 58, "max_features": "log2"}, "user_attrs": {"std_err": 0.0028262995631076955}}
{"number": 10, "value": 0.8305815341117722, "params": {"max_depth": 7, "min_samples_leaf": 158, "max_features": "sqrt"}, "user_attrs": {"std_err": 0.0040049718017661695}}
{"number": 11, "value": 0.8378934420210031, "params": {"max_depth": 19, "min_samples_leaf": 44, "max_features": "log2"}, "user_attrs": {"std_err": 0.003049290687797567}}
{"number": 12, "value": 0.8362740508188293, "params": {"max_depth": 12, "min_samples_leaf": 104, "max_features": null}, "user_attrs": {"std_err": 0.0018118422787226241}}
{"number": 13, "value": 0.8470917786590292, "params": {"max_depth": 12, "min_samples_leaf": 6, "max_features": "log2"}, "user_attrs": {"std_err": 0.002624433957851366}}
{"number": 14, "value": 0.816422394800617, "params": {"max_depth": 4, "min_samples_leaf": 71, "max_features": null}, "user_attrs": {"std_err": 0.0027116523932589364}}
{"number": 15, "value": 0.8269805206726886, "params": {"max_depth": 5, "min_samples_leaf": 166, "max_features": "sqrt"}, "user_attrs": {"std_err": 0.0033053427010353875}}
{"number": 16, "value": 0.8332130792391862, "params": {"max_depth": 7, "min_samples_leaf": 130, "max_features": "sqrt"}, "user_attrs": {"std_err": 0.003491564729494677}}
{"number": 17, "value": 0.8159987515605494, "params": {"max_depth": 2, "min_samples_leaf": 18, "max_features": "sqrt"}, "user_attrs": {"std_err": 0.0035653172727841543}}
{"number": 18, "value": 0.815435393258427, "params": {"max_depth": 2, "min_samples_leaf": 145, "max_features": "sqrt"}, "user_attrs": {"std_err": 0.0033508842102710637}}
{"number": 19, "value": 0.8282807336417713, "params": {"max_depth": 5, "min_samples_leaf": 62, "max_features": "sqrt"}, "user_attrs": {"std_err": 0.003668003241113448}}
{"number": 20, "value": 0.8456640596313433, "params": {"max_depth": 11, "min_samples_leaf": 17, "max_features": "sqrt"}, "user_attrs": {"std_err": 0.003385733297711222}}
{"number": 21, "value": 0.7520480832782551, "params": {"max_depth": 2, "min_samples_leaf": 21, "max_features": null}, "user_attrs": {"std_err": 0.002831757705119842}}
{"number": 22, "value": 0.8425149629140046, "params": {"max_depth": 14, "min_samples_leaf": 42, "max_features": "sqrt"}, "user_attrs": {"std_err": 0.0030426500186923953}}
{"number": 23, "value": 0.8152119593155615, "params": {"max_depth": 2, "min_samples_leaf": 187, "max_features": "sqrt"}, "user_attrs": {"std_err": 0.0038608015605985833}}
{"number": 24, "value": 0.8238227032385987, "params": {"max_depth": 4, "min_samples_leaf": 171, "max_features": "sqrt"}, "user_attrs": {"std_err": 0.0030991527699874787}}
{"number": 25, "value": 0.8293400712344864, "params": {"max_depth": 9, "min_samples_leaf": 175, "max_features": "sqrt"}, "user_attrs": {"std_err": 0.003994576959231604}}
{"number": 26, "value": 0.8315642211940956, "params": {"max_depth": 21, "min_samples_leaf": 117, "max_features": "log2"}, "user_attrs": {"std_err": 0.0035943181673310236}}
{"number": 27, "value": 0.84947574722773, "params": {"max_depth": 18, "min_samples_leaf": 11, "max_features": "sqrt"}, "user_attrs": {"std_err": 0.00251350538579029}}
{"number": 28, "value": 0.8359840640376002, "params": {"max_depth": 8, "min_samples_leaf": 83, "max_features": "sqrt"}, "user_attrs": {"std_err": 0.002943469363144483}}
{"number": 29, "value": 0.8328128442388192, "params": {"max_depth": 26, "min_samples_leaf": 92, "max_features": "log2"}, "user_attrs": {"std_err": 0.0034808888867649693}}
{"number": 30, "value": 0.8324929316295806, "params": {"max_depth": 31, "min_samples_leaf": 87, "max_features": "log2"}, "user_attrs": {"std_err": 0.0029759237342808728}}
{"number": 31, "value": 0.8388870529485202, "params": {"max_depth": 26, "min_samples_leaf": 79, "max_features": null}, "user_attrs": {"std_err": 0.0020418301423400973}}
{"number": 32, "value": 0.8328558970404643, "params": {"max_depth": 32, "min_samples_leaf": 82, "max_features": "log2"}, "user_attrs": {"std_err": 0.00324090129143339}}
{"number": 33, "value": 0.8391871374017772, "params": {"max_depth": 30, "min_samples_leaf": 68, "max_features": null}, "user_attrs": {"std_err": 0.0021954347359953185}}
{"number": 34, "value": 0.8376491701549533, "params": {"max_depth": 14, "min_samples_leaf": 85, "max_features": null}, "user_attrs": {"std_err": 0.001998791167246479}}
{"number": 35, "value": 0.8479489792171548, "params": {"max_depth": 32, "min_samples_leaf": 4, "max_features": null}, "user_attrs": {"std_err": 0.0017290031980239245}}
{"number": 36, "value": 0.8450318535653963, "params": {"max_depth": 12, "min_samples_leaf": 2, "max_features": null}, "user_attrs": {"std_err": 0.001588303789804137}}
{"number": 37, "value": 0.8464000881251377, "params": {"max_depth": 11, "min_samples_leaf": 9, "max_features": null}, "user_attrs": {"std_err": 0.002755745745400752}}
{"number": 38, "value": 0.8445980208562827, "params": {"max_depth": 11, "min_samples_leaf": 6, "max_features": "log2"}, "user_attrs": {"std_err": 0.002830914895472161}}
{"number": 39, "value": 0.850380039656312, "params": {"max_depth": 31, "min_samples_leaf": 5, "max_features": "log2"}, "user_attrs": {"std_err": 0.0030019075329249696}}
{"number": 40, "value": 0.8506755342586473, "params": {"max_depth": 32, "min_samples_leaf": 5, "max_features": "log2"}, "user_attrs": {"std_err": 0.0025137532891126163}}
{"number": 41, "value": 0.8503160571344643, "params": {"max_depth": 30, "min_samples_leaf": 1, "max_features": "log2"}, "user_attrs": {"std_err": 0.0025246082118387044}}
{"number": 42, "value": 0.8505950282734815, "params": {"max_depth": 32, "min_samples_leaf": 4, "max_features": "log2"}, "user_attrs": {"std_err": 0.0022909164277857895}}
{"number": 43, "value": 0.8526980979657781, "params": {"max_depth": 31, "min_samples_leaf": 2, "max_features": "log2"}, "user_attrs": {"std_err": 0.003034951785289195}}
{"number": 44, "value": 0.8513266505103914, "params": {"max_depth": 31, "min_samples_leaf": 4, "max_features": "log2"}, "user_attrs": {"std_err": 0.0030631313665685743}}
{"number": 45, "value": 0.8421412572519646, "params": {"max_depth": 10, "min_samples_leaf": 9, "max_features": "log2"}, "user_attrs": {"std_err": 0.003116580844408792}}
{"number": 46, "value": 0.8497541675846367, "params": {"max_depth": 31, "min_samples_leaf": 6, "max_features": "log2"}, "user_attrs": {"std_err": 0.0028427769486320466}}
{"number": 47,