{"number": 36, "value": 0.7820661122252921, "params": {"learning_rate": 0.03651618036787448, "subsample": 0.4781112978540496, "min_child_weight": 6}, "user_attrs": {"std_err": 0.004633279291689662}}